3.1	1.37	91.78	6.5	1.88	12.47	21.44	10.93
2.82	0.8	95.57	3.44	0.85	11.01	21.3	10.48
2.43	0.74	94.33	3.43	2.35	11.36	25.88	11.01
2.4	1.7	97.35	0.5	0.7	12.55	25.2	12.19
2.76	0.53	89.16	1.17	0.52	24.46	40.53	28.69
2.45	2.51	95.65	0.9	0.95	18.09	32.89	20.04
2.6	1.6	96.57	1.47	1.1	11.17	27.41	12.76
2.45	14.2	84.87	0.4	0.63	15.31	27.93	14.78
2.46	0.35	97.11	1.25	0.73	16.64	35.16	20.33
2.62	23.14	67.6	0.92	16.35	19.88	34.55	21.62
2.54	12.63	83.22	0.77	4.39	15.73	28.57	15.16
2.89	21.34	49.42	17.21	26.78	13.65	28.82	13.23
2.54	12.18	86.39	1.12	0.68	21.51	36.83	23.96
2.74	53.52	45.65	0.49	0.43	16.51	28.17	14.68
2.53	0.06	99.21	0.47	0.59	14	25.03	12.83
2.69	2.52	94.39	2.03	1.55	12.07	25.43	11.42
2.85	2.65	95.72	1.04	2.28	11.86	27.51	12.36
2.62	1.3	74.02	14.14	20.96	12.04	26.68	12.37
2.67	2.28	94.74	2.67	0.74	13.71	20.33	9.48
2.6	8.41	82.64	3.92	8.91	14.18	32.78	15.14
2.77	1.61	95.66	2.04	1.02	13.13	26.94	12.19
2.6	28.71	52.26	7	24.36	13.06	27.46	13.09
3.34	18.97	53.6	20.84	10.73	16.16	37.22	19.09
2.36	0.41	97.55	1.55	0.91	11.29	26.87	12.2
2.63	13.79	83.94	1.42	2.4	11.91	23.09	10.33
2.54	0.06	97.72	0.77	1.86	12.84	25.81	11.93
2.35	0.41	94.65	1.98	7.95	8.23	18.3	6.98
2.7	2.92	87.36	2.82	13.97	13.77	30.92	15.15
2.6	1.89	82.45	1.82	18.16	14.59	25.62	12.02
2.86	42.15	56.94	0.52	0.5	16.26	28.79	13.83
2.8	26.96	72.26	0.4	0.78	15.43	26.03	12.04
3.84	0.12	70.83	0.38	93.87	19.93	33.12	16.79
2.36	1.46	93.15	0.56	11.61	11.35	23.13	11.19
3.03	0.37	98.84	0.4	0.45	20.11	31.45	19.01
2.67	1.17	94.31	0.96	7.46	15.43	26.48	11.73
2.71	0.24	88.57	1.11	17.04	13.37	26.84	13.03
2.6	52.88	46.59	0.19	0.54	14.42	26.09	12.94
4.17	7.95	82.42	1.36	19.55	14.06	30.74	14.58
2.95	59.63	39.76	0.43	0.56	17.15	28.12	13.63
2.37	0.94	91.3	6.07	6.46	9.03	19.36	8.48
2.76	4.8	78.81	1.14	27.99	16.42	29.95	16.25
2.49	5.26	94.08	0.29	0.33	13.24	25.31	12.11
2.87	42.2	51.25	1.36	8.01	16.56	32.21	16.08
2.82	44.58	54.68	0.38	0.61	13.7	25.39	11.57
2.36	36.84	62.7	0.2	0.37	12.16	22.94	10.7
2.66	0.63	97.81	0.83	2.58	12.06	23.58	10.75
2.09	0.7	95.77	1.74	6.86	8.08	20.23	9.15
3.59	1.85	62.03	0.19	91.07	18.8	30.03	14.87
2.64	2.72	93.52	1.49	3.5	13.2	30.39	13.67
2.86	0.31	98.63	0.64	0.49	13.92	27.4	12.29
2.49	0.09	99.39	0.18	0.51	14.13	25.52	12.37
2.2	1.7	91.28	5.46	5.4	11.38	22.12	10.53
2.87	16.34	81.75	1.53	1	20.62	30.27	20.39
2.59	4.22	94.72	0.45	0.85	14.23	26.63	12.85
2.54	19.7	76.96	1.05	3.97	14.78	28.65	14.52
2.63	39.86	53.52	2.74	5.63	13.92	28.02	14.12
2.8	2.08	92.78	4.55	1.98	14.34	28.52	15.99
2.34	3.52	95.13	1.03	1.7	10.52	18.8	9.27
2.63	26.41	72.45	0.76	0.72	17.79	29.84	18.19
2.92	17.14	81.71	0.92	0.48	17.83	30.86	16.52
2.49	34.26	65.09	0.31	0.53	14.9	26.78	14.23
2.83	5.83	87.21	2.63	8.77	14.14	28.92	12.52
2.7	24.63	73	1.13	3.12	13.67	26.55	11.62
2.49	0.11	99.03	0.34	0.34	11.95	25.43	11.89
2.88	0.92	96.35	2.34	1.02	14.91	23.52	11.5
2.67	0.28	98.83	0.59	0.59	19.96	32.9	21.18
2.82	2.55	97.01	0.28	0.36	13.91	21.82	10.96
2.16	9.69	89.52	0.51	0.75	9.99	23.83	10.25
2.36	15.78	82.73	1.04	0.67	16.31	32.25	18.75
2.28	5.59	92.94	0.58	1.49	12.64	32.02	15.39
2.5	1.61	94.71	3.09	0.93	11.69	26.55	12.21
2.79	11.1	83.79	4.57	2.83	11.38	23.62	10.91
2.6	1.41	96.54	1.4	2.1	11.37	23.38	11.09
2.46	7.24	91.65	0.54	0.86	14.38	25.65	12.85
3.86	0.19	97.05	1.69	2.54	19.8	28.26	11.74
2.9	2.53	92.97	3.78	2.04	15.12	26.56	13.98
2.91	0.69	98.03	0.43	1.3	14.36	26.88	12.39
2.49	9.78	84.1	0.45	2.48	13.84	25.38	12.24
2.49	4.28	75.25	2.2	29.25	15.91	31.47	16.94
2.94	7.36	88.58	2.67	3.69	17.84	34.05	18.86
2.62	5.57	73.69	0.15	28.98	14.86	25.11	11.97
2.51	4.6	92.63	1.72	2	11.14	31.18	13.86
2.76	0.89	98.1	0.64	1.08	12.65	27.85	12.66
2.29	0.59	97.87	1.37	0.55	8.93	23.8	10.63
2.52	16.58	78.17	4.04	2.1	12.19	38.26	18.04
2.86	12.06	82.54	2.14	6.65	16.21	26.78	12.34
2.46	9.4	89.79	0.46	0.42	12.46	22.35	10.15
2.7	0.54	94.18	4.9	2.7	9.9	21.33	10.02
2.47	2.7	94.53	0.7	1.71	10.8	21.74	10.33
2.66	3.01	89.39	6.45	5.78	13.83	26.56	14.04
2.34	7.67	84.64	5.3	3.17	11.86	25.57	12.29
2.95	10.33	83.46	3.1	5.73	13.21	31.92	14.16
2.53	1.45	72.98	21.86	10.07	11.6	25.37	11.61
4.32	0.06	98.01	0.86	2.06	21.23	28.04	12.06
2.59	3.64	82.76	6.32	24.12	11.09	27.2	12.24
2.47	3.03	93.76	1.36	3.4	10.16	23.25	10.96
3.01	0.17	98.04	1.29	1.73	11.76	23.99	9.12
2.46	1.06	97.38	1.04	1.79	9.62	18.03	7.64
2.67	0.8	95.49	1.07	1.19	20.6	38.87	24.1
2.66	36.14	53.85	2.41	13.22	17.06	34.55	19.17
2.66	15.59	81.67	0.71	2.79	14.22	27.88	13.45
2.87	38.14	58.5	1.17	4.53	14	24.66	11.79
2.76	0.44	95.21	3.61	2.65	12.94	20.71	10.25
2.67	41.48	57.56	0.56	0.69	17.69	29.26	16.71
2.57	0.16	98.92	0.37	0.79	12.76	24.82	11.74
2.75	3.83	79.59	4.42	18.96	14.97	27.56	13.53
3.29	4.62	58.93	1.26	51.15	17	30.79	14.96
2.7	0.98	88.96	2.17	14.87	11.14	24.93	9.09
2.62	0.79	96.25	2.18	0.83	18.61	34.4	21.34
2.11	6.36	82.79	7.41	3.67	10.54	30.87	14.08
3.42	11.49	77.75	6.04	10.46	12.28	31.36	14.01
2.69	1.08	86.96	6.22	15.45	13.3	27.95	13.44
2.45	15.59	83.14	0.99	0.67	13.39	28.11	12.4
2.47	29.09	68.24	1.75	3	23.68	42.67	28.84
3.68	8.51	82.51	7.07	5.13	35.5	53.13	43.59
3.13	1.2	94.56	3.5	0.82	31.69	52.12	42.5
2.56	0.75	97.92	0.62	1.33	13.6	26.4	11.91
2.47	2.55	95.22	1.36	1.85	11.05	27.67	11.56
2.82	0.76	98.02	0.81	2.23	12.38	24.91	11.1
2.79	0.51	95.73	2.79	0.85	25.97	45.62	33.52
2.8	1.26	77.47	3.07	26.16	13.77	26.89	12.18
2.71	11.07	80.05	6.81	5.81	13.41	29.96	14.37
2.59	17.38	81.61	0.51	0.65	16.05	28.26	15.37
2.3	2.61	93.49	2.81	1.07	10.55	26.37	12.16
2.67	25.51	67.85	0.92	9.09	15.84	27.12	14.35
2.58	0.54	97.63	0.41	1.15	13.14	25.76	12.72
2.58	3.49	95.03	1.17	0.63	18.31	29.7	18.07
2.86	13.99	52.83	9.81	39.92	14.46	31.22	15.72
2.76	0.57	88.39	5.85	29.4	12.86	28.54	12.71
2.93	0.34	98.9	0.43	0.59	15.41	25.59	13.55
2.47	0.53	96.09	0.84	0.52	14.51	26.47	13.78
2.72	4.62	93.26	0.84	1.81	13.85	26.44	12.6
2.9	2.27	96.66	0.62	0.64	15.51	27.09	13.29
3.66	23.47	52.73	13.48	17.45	20.34	40.78	24.43
2.66	1.79	94.7	1.13	5.67	12.38	26.09	10.8
2.67	9.93	85.14	4.12	1.31	26.06	45.3	32.02
2.53	0.16	97.25	0.79	2.11	13.39	24.58	11.73
2.95	17.71	77.25	1.09	7.57	29.24	49.7	36.51
2.54	12.49	78.85	6.59	4.64	12.83	29.41	14.12
2.34	1.7	97.7	0.3	0.29	12.47	23.71	11.54
2.36	1.93	93.28	2.08	2.08	13.38	26.71	13.31
2.7	0.31	89.69	1.09	11.62	24.9	37.9	26.9
2.38	0.29	93.76	1.95	2.55	13.22	24.76	12.02
3.29	38.25	59.81	1.16	1.58	14.17	33.31	15.39
3.05	0.1	99.52	0.13	0.44	13.77	25.48	11.32
2.63	9.04	81.98	7.69	2.58	23.19	43.75	28.97
2.75	0.93	97.6	0.82	1.37	12.23	29.21	11.68
2.25	31.3	67.17	0.5	6.09	9.62	20.98	9.8
2.44	0.47	99	0.32	0.48	12.56	23.9	11.25
2.71	0.15	97.68	1.74	1.18	14.18	23.6	12.1
2.81	5.11	74.68	2.09	75.62	13.67	29.54	14.16
2.51	3.23	73.48	21.98	5.77	11.65	26.23	11.54
2.61	47.94	49.58	0.49	2.85	15.83	29.26	14.58
3.28	29.58	57.37	3.96	19.33	29.2	49.87	35.94
2.86	24.96	71	0.77	1.41	14.7	26.81	12.76
3.37	42.94	31.69	9.6	36.36	16.11	33.41	16.36
3.11	1.59	96.96	1.3	0.5	17.02	22.02	10.85
2.85	5.13	88.12	2.32	11.74	13.74	27.49	11.16
2.86	33.32	64.22	1.97	2.28	15.81	27.77	13.33
2.93	0.36	99.14	0.41	0.52	14.13	25.04	11.62
2.75	0.23	99.11	0.4	0.97	13.31	26.67	12.53
2.63	0.22	98.95	0.7	0.45	10.86	22.15	10.31
2.83	0.14	99.16	0.29	0.91	14.73	28.34	13.54
2.99	0.44	99.17	0.17	0.22	14.78	28.07	12.93
2.88	65.17	32	0.39	3.77	16.52	29.11	15.68
2.44	21.14	78.28	0.22	0.48	15.3	26.55	13.47
2.44	25.05	70.9	1.35	15	13	27.51	13.44
2.5	29.5	55.3	2.18	20.88	13.17	31.03	14.35
2.9	4.72	93.97	0.46	1.1	23.54	37.19	25.92
2.46	0.79	93.76	2.78	2.41	19.04	35.4	23.07
2.49	0.52	95.28	0.72	6.5	9.48	19.57	9.11
2.4	10.38	69.22	12.04	19.76	10.37	24.22	11.12
2.88	0.24	96.06	1.28	6.14	16.23	29.02	14.85
2.5	9.71	78.64	1.42	18.48	13.96	28.24	14.44
2.89	33.9	63.88	1.61	1.31	29.58	46.46	34.87
2.67	43.76	36.18	11.83	14.52	13.22	26.57	12.67
2.73	1.02	94.74	1.31	5.18	12.69	24.89	11.58
2.67	4.06	95.02	0.52	0.96	11.99	25.49	11.43
2.77	0.1	98.54	0.21	0.72	15.72	28.99	13.12
3.2	1.07	71.46	0.47	83.47	18.62	28	14.12
2.72	58.44	41	0.43	0.29	16.96	27.15	13.5
2.8	1.04	98.41	0.38	0.45	13.65	23.21	11.2
3.45	0.16	75.37	0.15	80.08	18.57	29.66	14.96
2.76	13.09	84.93	1.09	1.5	11.56	22.94	10.34
2.56	5.97	90.82	2.63	1.65	10.94	25.55	10.35
2.67	0.67	89.1	1	20.36	19.66	34.21	21.15
2.57	1.33	84.31	6.56	20.05	12.14	33.06	15.62
2.84	3	84.87	7.18	12.5	13.9	30.28	14.04
3.17	18.69	76.63	3.42	3.27	22.12	33.08	22.43
2.57	0.56	91.22	1.06	8.95	13.44	26.6	12.16
2.51	0.44	98.73	0.41	0.4	11.98	24.63	11.31
2.55	21.63	76.04	1.08	2.43	20.99	38.98	25.15
3.11	0.67	96.74	1.71	2.26	15.97	21.16	10.79
3.04	17.58	58.6	12.18	23.73	13.97	29.12	13.19
2.89	0.93	90.3	6.25	7.71	14.31	24.75	11.58
2.7	13.68	58.38	13.57	23.62	13.82	31.13	15.56
2.47	0.87	95.89	0.9	0.6	15.93	28.36	16.25
2.41	42.5	57.03	0.23	0.47	13.33	24.32	12.14
3.18	2.76	75.88	7.1	30.36	14.89	30.69	14.33
2.58	0.86	97.63	1.02	1.15	12.62	25.9	12.77
2.94	3.48	93.08	2.12	7.12	16.71	27.43	12.9
2.9	1.26	97.99	0.51	0.89	12.67	24.15	11.24
2.74	8.16	89.99	0.26	2.08	15.08	27.24	12.83
2.66	4.08	71.62	17.93	18.61	11.64	27.46	12.38
2.81	43.48	55.19	0.87	1.13	19.21	33.9	19.65
2.49	15.98	74.78	2.36	4.95	13.29	27.17	12.7
2.88	4.68	71.3	3.03	46.63	15.33	27.52	12.7
3.11	0.89	78.96	0.32	72.59	16.25	27.12	13.19
2.4	0.18	93.51	0.23	10.62	15.23	26.13	13.2
3.62	6.85	86.16	3.44	8.26	23.9	45.2	31.94
2.59	7.13	83.93	5.28	4.85	15.99	35.51	20.6
2.58	1.27	88.19	0.99	2.23	14.46	28.86	14.19
3.2	4.17	59.91	31.11	12.16	16.96	29.17	15.75
2.78	0.77	91	7.42	2.42	12.17	21.93	10.55
3.41	0.24	55.84	3.11	60.37	16.12	29.5	14.75
2.57	5.38	91.2	1.96	8.65	14.36	28.13	14.18
2.4	0.19	97.51	0.75	2.37	13.98	27.04	12.99
2.71	1.72	94.97	3.05	1.92	10.1	20.83	8.73
2.68	0.86	94.07	1.27	4.53	16.43	29.57	15.04
2.28	4.35	91.05	1.06	5.69	10.89	18.64	8.68
2.58	28.59	69.89	0.92	1.55	14.11	27.52	13.65
2.65	7.73	86.42	0.16	9.5	14.82	27.61	12.85
2.57	1.72	95.56	1.92	1.67	14.51	27.49	14
2.59	48.1	51.62	0.16	0.4	14.29	24.41	11.88
2.67	55.3	39.76	1.84	7.8	12.81	26.3	12.37
2.41	3.25	95.34	0.51	1.44	11.08	22.59	10.15
3.11	49.86	48.46	0.67	1.24	25.63	37.21	25.06
2.62	3.2	95.56	0.72	0.47	12.92	27.69	13.22
2.52	22.12	75.92	0.56	1.16	14.38	25.52	13.48
2.5	0.42	97.93	1	3.1	10.14	24.39	11.06
2.84	20.83	75.97	1.13	4.98	15.06	26.4	12.05
2.74	0.67	98.15	0.56	1	13.82	27.52	12.14
2.81	2.33	96.7	0.56	0.83	15.35	27.21	12.9
2.28	20.12	77.74	0.63	6.76	9.11	20.12	9.05
2.83	0.79	96.23	2.5	1.9	10.82	23.03	9.46
2.45	0.23	98.08	0.58	0.69	14.71	26.82	14.89
2.69	3.73	93.69	0.74	4.5	13.75	24.67	11.26
2.54	45.35	53.97	0.44	0.57	14.6	26.21	12.93
2.17	0.48	98.32	0.58	2.03	8.94	19.79	9.42
2.6	5.43	92.39	1.49	1.62	10.9	25.2	11.95
3.29	56.07	39.68	1.92	5.3	16.24	27.52	13.86
2.51	2.03	91.38	4.24	9.56	10.49	27.03	12.12
2.62	1.2	96.79	0.76	1.37	14.08	24.58	11.8
2.87	0.46	98.47	0.81	0.83	13.98	23.41	12.09
2.53	37.7	61.68	0.32	0.48	13.35	23.9	11.11
2.54	0.61	98.44	0.57	0.48	13.31	28.02	13.19
2.94	34.81	51.25	0.51	23.22	16.57	30.82	16.04
2.58	0.41	99.05	0.36	0.34	11.95	21.26	10.76
2.55	20.01	76.76	1.5	7.36	11.36	23.9	11.29
2.73	18.75	77.28	1.87	2.68	22.64	39.91	26.62
2.68	19.14	76.84	2.43	2.69	13.5	28.34	13.35
2.8	4.11	84.71	9.27	4.78	11.38	23.72	11.04
2.81	4.58	91.47	3.53	2.04	12.02	21.73	10.15
2.84	3.77	80.2	5.87	18.19	13.38	25.7	11.85
3.53	26.14	34.72	24.97	27.87	16.01	29.52	15.16
2.12	1.04	98.45	0.24	1.5	6.03	11.33	5.33
2.62	6.81	91.94	0.52	2.15	11.94	26.05	12.42
2.81	0.7	98.16	0.76	0.86	13.17	27.54	11.07
2.64	3.85	92.82	1.75	9.98	12.46	26.77	12
2.43	0.85	97.55	0.9	1.18	12.33	24.46	11.68
2.42	4.14	95.21	0.43	0.46	12	21.54	10.13
2.39	15.78	83.6	0.28	0.54	13.13	24.44	12.11
3.02	0.41	98.89	0.39	0.45	15.65	29.33	13.36
2.46	2.92	79.24	9.09	19.38	10.87	27.17	11.82
2.65	1.52	96.79	1.03	2.31	11.88	24.75	11.72
2.41	8.9	89.54	0.68	1.73	13.66	26.91	12.51
2.39	17.37	81.92	0.16	1.04	13.41	25.72	12.61
2.53	0.35	97.58	0.44	0.59	12.83	24.28	11.42
2.25	1.6	87.04	6.83	11.5	8.78	29.76	11.31
2.35	27.56	71.41	0.38	1.96	11.77	22.27	10.95
2.67	0.18	97.58	1.74	0.88	13.4	26.11	11.67
2.53	1.28	98.06	0.41	0.48	16.54	27.96	16.23
2.45	0.52	96.17	2.69	1.56	12.3	21.09	9.27
2.34	2.88	86.07	4.86	11.11	12.38	28.35	14.27
2.66	0.57	98.69	0.57	0.66	11.37	24.09	11.63
2.91	2.77	81.67	13.29	6.17	14.07	33.1	14.07
2.54	14.97	81.13	1.54	4.19	13.31	26.51	12.69
4.1	3.54	63.92	7.84	74.86	18.71	35.04	17.86
2.14	1.05	90.6	6.68	4.74	9.6	21.09	9.53
2.52	0.13	93.05	5.98	0.65	12.47	25.13	12.04
2.48	3.04	92.46	4.19	1.01	11.05	26.27	11.64
2.68	0.83	94.56	2.48	5.39	9.42	20.29	6.65
2.93	2.1	92.56	4.84	1.79	13.87	24.98	11.28
3.26	0.62	63.53	2.5	56.14	15.93	30.76	14.4
2.72	1.06	95.63	2.65	3.4	10.42	24.41	10.71
2.52	8.08	88.65	1.41	2.8	15.96	33.02	18.56
2.38	1.09	91.68	6.56	1.41	10.95	29.11	13.72
2.72	2.41	93.66	3.15	1.26	10.62	30.19	11.24
3.09	0.87	97.11	1.55	0.81	13.21	25.12	9.34
2.84	38.14	60.42	0.82	0.64	18.54	34.13	20.08
2.73	0.57	94.28	1.98	7.44	14.29	25.69	11.86
2.32	0.09	99.37	0.37	0.34	12.28	24.1	10.79
2.59	2.6	76.09	7.72	17.88	13.67	28.92	13.69
2.45	3.59	89.25	0.65	7.17	12.3	27.25	12.76
2.47	11.28	82.29	2.56	5.02	12.95	27.54	12.79
2.83	0.66	95.64	3.31	1.9	12.4	23.61	11.81
2.47	0.51	98.75	0.38	0.54	13.15	25.95	12.42
3.19	12.99	70.45	3.32	35.9	13.19	30.84	13.32
2.4	1.72	87.02	4.73	9.7	13.62	29.8	14.84
2.97	2.44	95.6	1.07	1.59	16.23	27.89	12.44
2.84	52.91	46.31	0.39	0.48	17.45	30.69	16.93
2.66	58.37	41.41	0.07	0.23	14.37	25.8	12.78
2.32	7.98	89.38	2.06	0.97	12.05	20.93	9.77
2.06	5.46	93.29	0.83	0.71	10.74	26.23	12.94
2.21	0.85	97.5	1.02	1.5	12.01	28.23	12.08
2.87	21.6	69.23	0.97	12.68	15.05	28.68	14.09
1.86	1.27	98.27	0.3	0.68	4.68	9.38	4.64
2.48	12.99	86.4	0.46	0.59	13.29	24.38	11.27
2.26	2.06	96.36	1.06	0.66	12.58	25.86	12.58
2.48	10.76	88.29	0.2	0.4	13.4	25.87	12.63
2.71	21.26	75.56	0.57	8.3	13.83	25.82	12.12
2.81	0.56	96.62	1.88	1.87	13.8	21.98	9.82
2.68	2.27	94.8	2.28	1.03	13.49	31.33	13.81
2.51	0.39	98.35	0.49	2.12	10.14	19.25	9.15
2.6	0.61	90.3	8.42	3.51	10.01	20.17	9.22
3.4	13.81	67.45	6.65	22.87	15.01	28.36	11.68
2.55	0.14	92.8	0.33	0.81	12.77	24.07	9.52
2.84	0.77	94.1	4.43	2.24	13.07	24.25	11.44
2.98	16.48	75.1	3.74	8.97	17.02	35.38	17.85
2.32	0.72	97.78	1.23	0.79	10.72	23.89	10.91
2.65	0.21	98.5	0.7	0.57	12.62	28.64	13.24
2.78	1.05	91.23	6.83	5.42	11.85	24.29	11.43
2.6	0.78	96.04	2.65	1.13	11.85	26.45	11.06
2.73	13.68	85.05	0.53	0.55	14.9	27.31	12.98
2.49	0.29	98.16	1.15	0.71	13.2	27.45	13.1
2.55	4.59	94.24	0.88	0.3	12.75	25.3	11.55
2.57	0.56	98.11	1.14	0.8	11.48	24.15	11.43
2.79	0.5	98.24	0.99	1.33	11.66	21.27	10.23
2.55	25.08	73.83	0.6	1.08	11.24	24.39	10.44
2.3	0.14	97.11	1.04	3.44	9.73	16.28	7.27
2.42	35.16	63.62	0.85	1.04	15.36	30.22	16.48
3.18	1.97	87.97	8.49	2.28	39.89	65.11	54.11
2.6	0.11	98.65	0.38	0.65	14.85	27.13	13.27
2.41	12.38	85.77	0.41	2.29	13.75	26.32	12.65
3.08	1.17	90.13	6.85	6.1	15.82	24.89	11.47
2.64	20	76.16	0.57	6.3	13.4	25.85	12.17
2.17	0.97	87.45	8.87	10.19	8.72	22.76	9.69
2.33	1.28	96.72	1.27	0.93	11.69	28.35	12.57
2.37	1.19	96.96	1.28	1.58	9.89	23.65	10.39
2.38	0.82	97.89	1	0.98	10.77	21.7	10.03
2.69	2.18	94.68	0.59	4.05	14.21	24.55	11.73
2.43	50.6	42.59	1.76	7.68	13.47	27.42	13.13
3.21	0.96	94.52	1.73	5.24	17.17	29.37	12.63
2.4	30.65	64.75	0.99	4.92	14.22	29.24	15.1
2.8	54.99	44.22	0.43	0.83	17.83	30.27	15.79
2.87	29.83	65	0.55	8	14.25	27.35	11.86
2.52	1.01	97.47	0.62	3.67	10.48	20.43	9.11
2.49	2.89	89.61	4.85	9.24	10.62	26.76	11.77
2.75	75.67	21.63	0.82	2.77	16.05	28.74	14.65
2.23	16.22	81.99	0.69	4.73	10.72	22.78	11.3
2.77	4.94	90.6	3.4	1.15	14.22	30.97	13.71
2.59	27.32	71.49	0.79	0.67	14.66	26.08	12.36
2.9	1.47	74.77	6.44	25.13	14.83	26.95	12.62
2.71	0.24	97.76	0.87	3.88	13.6	25.47	11.97
2.21	26.28	71.99	0.68	6.08	8.02	18.34	8.34
2.8	0.6	98.26	0.67	0.87	14.31	26.83	12.09
2.98	2.4	73.97	1.13	34.19	16.39	28.02	12.85
2.97	12.27	65.07	0.64	48.31	16.96	29.57	15.82
2.67	5.81	85.86	2.42	15.93	15.36	27.4	13.4
2.83	11.97	77.37	5.22	11.78	15.84	32.56	16.38
2.59	14.08	83.71	1.49	1.54	12.21	32.97	15.7
2.63	28.33	42.28	10.96	31.14	13.63	33.47	16
2.65	51.31	46.85	1.15	1.42	15.02	29.08	14.61
2.6	0.5	98.33	0.85	0.77	14.73	25.36	12.61
2.4	2.89	93.58	0.8	5.59	12.94	26.86	12.6
2.72	1.12	96.38	2.09	0.7	10.42	26.62	10.07
2.64	34.1	64.19	1.17	0.84	25.65	44.56	31.39
2.38	10.39	86.05	1.41	16.5	9.66	26.43	11.67
2.69	1.19	74.64	0.96	33.65	12.09	24.11	11.02
2.63	2.13	93.26	3.49	4.42	11.18	22.08	10.5
2.56	15.3	60.09	15.01	16.25	13	27.55	12.95
2.38	20.2	78.12	0.9	3.26	13.18	24.59	12.95
2.51	1.58	97.18	0.91	0.67	14.3	25.78	14.07
2.77	2.09	97.32	0.5	0.47	12.99	23.77	11.61
2.34	2.13	95.03	0.64	1.16	14.24	27.39	14.46
2.6	2.38	88.43	4.49	8.56	13.4	27.25	12.9
3.26	11.12	88.2	0.38	0.76	16.43	24.59	11.17
2.58	70.33	23.96	1.29	10.82	13.62	28.12	13.61
3.85	1.67	41.65	1.62	83.13	18.7	34.74	17.82
2.66	22.01	63.79	1.99	19.51	13.84	30.16	14.44
2.9	10.84	87.86	0.61	2.53	15.47	24.75	11.96
2.52	5.74	93.4	0.37	0.62	14.44	25.21	12.32
2.55	0.78	96.92	0.24	0.57	13.58	25.71	12.63
2.82	15.66	79.29	2.3	17.33	12.99	26.33	11.65
2.71	5.24	90.35	3.72	2.66	12.99	24.68	11.55
4.14	12.22	82.41	2.65	5.46	21.91	39.12	23.98
2.56	23.93	63.14	0.31	1.32	15.96	26.77	15.19
2.16	0.35	95.81	2.89	3.97	9.53	25.02	11.89
2.54	3.32	87.75	5.72	8.41	11.87	24.83	11.15
2.87	13.94	85.03	0.6	0.78	15.91	26.96	12.8
2.6	31	65.5	2.27	3.31	11.66	24.26	11.46
2.99	1	86.47	3.58	15.83	19.49	34.35	20.22
2.45	0.25	97.28	2.27	0.74	10.98	18.07	8.41
2.61	29	69.88	0.6	0.88	14.42	26.71	12.98
2.93	1.12	88.49	5.62	15.16	14.02	25.49	11.98
3.09	0.31	93.64	0.46	11.4	17.24	26.28	11.15
2.95	13.65	85.37	0.22	1.3	15.38	28.72	13.38
2.95	1.04	97.73	0.76	0.93	13.81	27.92	12.77
2.47	3.29	95.37	0.53	1.52	13.56	24.34	12.11
2.67	2.83	93.93	2.34	3.34	13.19	30.09	14.06
2.28	0.15	99.1	0.24	0.88	10.84	24.3	11.85
2.67	4.66	91.37	3.03	3.06	15.3	27.32	13.17
2.63	0.6	96.27	2.89	0.94	11.83	21.92	9.66
2.58	46.61	52.6	0.27	1.69	15.75	26.23	12.69
2.56	5.22	92	2.35	0.86	9.85	18.93	8.43
2.56	9.84	89.41	0.24	0.87	13.75	25.53	12.34
2.42	0.22	91.62	1.04	8.6	12.82	23.96	11.63
3.14	1.34	94.55	3.56	2.52	14.88	25.19	12.32
3.52	2.66	55.96	16.26	40.05	16.5	29.95	15.44
2.51	0.57	97.78	0.6	2.19	12.66	26.51	12.19
2.52	6.99	91.52	0.56	0.97	13.92	25.6	13.6
2.38	22.56	76.34	0.78	0.59	12.57	25.01	12.3
2.79	2.66	91.45	2.03	8.13	13.25	26.44	11.5
3.11	0.39	98.05	0.79	0.78	11.83	29.54	10.13
3.04	10.97	73.14	4.81	22.76	15.06	29.79	13.66
2.5	31.63	59.56	3.75	8.56	11.06	28.02	12.35
2.5	20.9	76.03	0.87	3.36	12.74	26.16	12.31
2.1	15.14	83.45	0.67	3.88	8.35	18.79	8.7
2.09	0.17	98.88	0.59	2.48	7.02	14.68	7.1
2.54	1.18	96.5	1.09	2.78	13.03	26.38	12.74
2.9	0.83	96.58	2.37	1.15	12.23	20.42	10
2.76	5.73	91.43	2.42	1.06	12.34	21.53	10.25
3.31	20.35	57.93	3.53	31.48	16.06	28.59	12.9
2.61	24.88	74	0.7	0.54	14.29	26.84	13.31
2.75	70.08	22.43	2.17	10.58	14.76	29.55	13.99
2.22	5.52	78.97	4.43	30.05	11.23	37.46	16.02
3.17	0.76	80.06	0.42	71.02	17.72	29.2	14.37
2.52	0.8	96.5	2.2	1	13.47	23.87	12.09
2.55	0.65	97.82	0.48	0.59	13.45	26.4	12.57
2.34	12.12	84.99	2.44	1.36	10.97	28.88	12.68
2.44	3.72	95.24	0.49	0.79	13.58	27.21	13.3
2.49	1.91	93.71	1.01	7.81	11.72	27.95	12.55
2.9	2.37	93.69	3.64	1.25	14.99	23.36	11.37
2.74	3.23	93.11	3.02	4.01	11.54	26.87	12.24
2.68	8.4	88.4	1.04	4.55	21.01	33.35	21.95
2.49	17.29	81.73	0.64	0.5	13.92	25.4	12.01
2.88	0.65	76.89	2.11	27.05	15.46	27.91	12.52
2.78	0.97	96.14	2.65	0.86	11.31	22.26	10.57
2.42	0.1	96.78	1.67	0.73	11.46	24.25	11.29
2.45	0.54	94.69	2.13	2.04	13.41	24.48	11.63
2.69	0.93	97.69	0.91	1.59	12.43	26.54	13.37
2.7	0.27	97.48	1.53	2.03	13.63	18.7	10.04
2.73	0.33	89.29	4.72	16.9	12.68	26.13	12.04
2.79	33.74	65.55	0.39	0.45	26.91	40.37	29.39
2.85	4	94.2	1.11	1.79	13.21	27	13.11
3.42	0.49	88.19	11.17	2.01	16.48	23.75	12.43
2.56	5.19	86.08	3.3	12.01	10.97	26.47	10.85
2.84	2.34	95.43	0.77	2.35	14.05	28.87	12.52
3.05	7.81	89.39	2.02	1.36	37.31	55.81	45.03
2.48	9.18	89.59	0.6	0.68	15.25	27.62	14.86
2.72	5.02	91.71	0.85	6.9	13.23	24.81	11.72
2.5	66.07	31.89	1.23	0.89	10.92	23.07	10.16
2.45	8.05	91.51	0.29	0.79	7.97	19.65	8
2.41	0.58	98.5	0.53	1.3	11.09	22.96	10.71
2.37	10.92	53.56	29.13	13.91	10.07	26.71	12.21
2.78	4.11	80.28	7.59	25.56	13.93	28.69	13.86
2.67	1.18	89.13	8.05	2.76	24.96	43.59	31.11
3.33	2.07	56.77	4.87	67.37	15.81	29.07	14.59
2.17	0.81	97.76	1.22	0.77	8.23	19.1	8.43
3.09	22.95	74.55	1.13	3.07	13.28	27.49	11.39
2.56	4.29	89.66	0.7	13.69	12.01	26.89	12
1.94	4.51	82.8	6.39	14.05	7.62	21.72	8.68
2.78	0.84	97.32	1.68	1.15	13.6	22.7	10.77
2.6	0.3	98.49	0.84	0.48	14.77	29.68	15.5
2.62	0.04	99.5	0.24	0.64	12.99	24.14	10.49
2.68	7.49	89.25	1.76	5.29	11.9	26.35	11.03
2.65	1.08	93.83	2.75	3.35	14.27	26.91	12.71
2.58	12.04	86.05	0.47	2.4	15.17	28.31	14.98
3.65	0.26	94.07	2.73	4.17	28.27	55.62	38.89
2.51	0.67	98.16	0.69	0.71	15.57	29.35	16.3
2.74	18.54	76.39	1.14	4.97	14.61	30.18	15.13
2.48	1.46	96.5	0.39	2.45	13.55	24.72	11.44
2.62	1.37	96.59	0.71	1.72	12.68	22.47	10.65
3.07	6.49	81.8	10.01	3.62	42.25	63.26	52.26
2.75	26.68	67.65	3.01	5.23	15.13	33.21	17.06
2.8	0.08	99.14	0.24	1.33	14.72	25.34	11.93
2.45	5.26	91.28	1.99	11.51	10.07	22.93	9.64
2.96	1.72	96.87	1.13	0.71	18.26	26.64	14.01
2.54	1.3	97.48	0.54	1.18	18.56	31.87	19.59
2.32	2.71	93.43	2.62	4.39	10.3	25.66	11.61
3.02	2.31	96.22	1.26	0.74	14.86	21.82	11.54
2.31	4.42	94.79	0.54	0.45	12.46	22.58	11.7
3.35	1.16	96.55	1.14	1.84	15.96	27.33	11.34
2.91	65.57	33.57	0.39	0.65	16.98	30.19	14.51
2.42	10.11	87.39	1.4	2.73	10.99	25.15	11.74
2.22	12.84	72.11	2.35	22.96	11.31	25.92	11.86
3.27	10.16	63.76	0.23	46.62	17.14	28.5	13.7
2.95	0.8	97.85	0.62	1.25	17.45	29.26	16.22
2.97	1.78	90.19	1.28	3.36	16.19	29.13	12.82
2.63	6.72	69.91	19.25	9.09	12.98	29.22	15.31
2.47	0.13	98.56	0.56	1.18	12.78	23.99	10.58
2.69	1.01	97.13	0.92	3.22	11.98	24.06	11.02
2.6	3.29	94.96	1.41	0.73	13.28	29.14	13.13
2.57	1.15	78.25	16.89	11.17	11.19	22.26	10.56
2.77	18.06	79.32	1.51	2.63	15.32	30.2	14.54
2.38	0.32	97.8	0.4	0.52	14.9	26.97	13.84
2.62	12.24	70.87	1.96	20.56	16.38	32.09	16.79
2.63	41.64	57.3	0.53	1.15	15.19	27.58	14.01
2.62	1.9	95.3	2.06	1.97	10.31	24.69	10.91
2.79	1.11	97.96	0.8	0.33	20.03	28.18	18.99
2.63	0.77	71.48	23.45	10.66	13.88	24.44	12.17
2.94	4.72	93.76	1.2	1.01	13.21	23.55	12.96
2.55	46.92	52.36	0.31	0.7	15.59	27.53	14.21
2.77	2.57	93.7	2.36	4.7	11.66	20.37	9.66
3.42	4.03	54.48	1.6	68.13	17.04	33.32	16.69
2.56	12.83	84.25	1.93	2.11	12.65	30.3	14.37
2.6	1.44	89.99	8.04	1.44	12.16	19.04	9.14
2.84	43.71	54.35	1.38	0.91	16.38	30.27	14.52
2.97	0.59	91.36	5.11	3.13	21.23	44.55	27.93
2.7	3.91	93.76	1.11	5.69	12.43	22.53	10.69
2.81	0.69	96.26	2.27	1.05	28.46	47.38	35.57
2.66	33.57	62.58	2.33	2.77	13.82	31.25	14.76
2.6	28.05	71.62	0.18	0.12	15.34	25.95	13
2.77	3.04	95.25	1.46	2.4	11.05	22.35	10.37
2.77	9.5	69.05	7.39	23.22	12.51	22.42	10.59
3.04	2.69	70.79	1.87	35.94	14.51	26.83	11.88
2.46	8.69	90.79	0.32	0.28	12.99	24.29	11.65
2.72	45	50.05	0.41	0.67	19.71	30.85	18.11
2.8	1.84	73.12	0.84	33.32	23.73	37.92	24.88
2.92	21.83	76.28	0.66	1.9	17.15	30.43	14.96
2.65	5.32	84.02	7.95	7.4	12.55	22.31	9.96
3	0.42	98.11	1.14	0.97	15.71	24.16	12.75
2.73	5.14	86.58	1.02	12.31	14.36	26.34	12.69
2.91	2	40.85	38.14	36.08	14	30.72	14.87
2.47	6.2	93.17	0.26	0.49	13.3	25.89	12.42
2.36	33.04	64.94	1.34	1.46	12.1	27.72	13.38
3.05	1.92	95.28	1.7	1.9	39.15	60.14	52.32
2.45	26.53	72.89	0.15	0.78	12.24	25.16	12.5
2.7	1.2	93.59	4.94	1.67	11.8	20.64	9.94
2.55	0.79	97.97	0.83	0.99	12.1	24.16	11.21
2.98	0.79	98.28	0.68	0.98	14.43	25.95	11.43
2.92	2.23	88.14	9.06	2.86	13.54	25.63	12.2
2.46	7.68	86.25	4.09	1.42	13.68	26.3	12.48
2.51	25.59	62.84	5.29	10.79	15.09	35.85	19.45
2.55	0.32	98.08	0.54	1.88	12.23	25.94	11.65
2.64	0.93	95.98	2.43	2.01	12.18	21.94	10.52
2.57	0.39	87.04	3.87	15.3	16.12	35.49	18.9
2.89	4.03	91.16	4.04	1.64	36.54	58.57	46.22
2.25	5.03	72.73	14.72	16.04	8.87	29.23	11.77
3.11	3.25	93.18	1.17	4.37	13.36	28.12	9.93
2.47	4.24	90.72	3.91	2.03	18.9	38	23.7
2.62	19.72	72.71	0.43	8.37	16.21	27.54	14.79
2.57	0.92	97.32	0.43	3.8	12.82	26.11	11.91
2.57	0.73	97.5	1.09	0.91	12.37	28.8	13.62
2.91	25.13	69.39	4.32	1.92	32.5	54	41.14
3.01	51.51	45.9	1.18	3.01	16.59	27.11	13.24
2.84	0.6	97.42	1.56	0.87	11.98	25.77	12.76
2.56	1.37	98.07	0.38	0.23	11.51	20.98	9.55
2.54	74.45	21.07	3.24	1.98	15.69	35.05	17.4
2.81	19.85	65.54	2.73	39.14	13.56	28.63	13.69
2.82	6.75	92.48	0.3	1.12	15.49	29.54	13.38
2.97	20.9	74.96	2.18	3.86	17.3	37.04	20.51
3.43	0.13	98.62	0.49	0.57	18.11	29.87	12.98
3.21	36.01	41.15	1.44	40.96	16.36	31.29	15.64
2.79	30.92	65.53	1.99	2.82	19.14	34.44	20.87
2.74	0.39	98.79	0.51	0.59	16.87	32.59	16.91
2.37	4.07	93.09	1.92	2.79	11.31	25.34	10.94
2.64	0.83	91.77	6.81	2.42	10.46	15.77	7.6
2.4	23.65	75.76	0.23	0.38	12.99	24.33	12.35
3.32	8.7	67.75	4.53	36.1	15.17	31.12	13.52
3.27	0.29	48.24	0.65	57.15	17.7	30.17	14.66
3.46	0.01	98.55	0.25	2.19	18.12	29.7	13.6
2.65	9.61	86.15	2.41	2.9	18.14	40.65	22.24
2.74	44.43	54.58	0.66	0.76	17.06	27.81	14.74
2.77	0.42	98.73	0.49	0.56	13.37	27.32	11.96
3.05	10.93	87.31	1.43	0.66	12.73	26.38	9.84
2.43	0.16	97.72	0.36	0.26	14.19	25.73	13.34
3.1	0.91	96.66	1.92	1.01	15.67	26.78	11.31
2.52	0.22	96.82	1.03	2.79	12.74	23.93	11.1
2.49	0.55	98.33	0.83	0.91	10.05	19.89	9.15
2.63	0.81	94.59	3.73	4.22	10.82	22.63	10.84
2.54	0.75	95.34	1.95	2.11	18.43	30.06	17.77
2.75	0.06	97.1	1.89	0.47	13.1	26.42	11.07
2.43	2.23	86.5	9.95	2.52	12.34	26.4	12.55
3.1	0.63	97.64	1.14	0.67	28.03	46.96	34.52
2.37	0.64	95.5	2.48	2.05	11.87	24.54	10.91
2.4	12.22	83.06	4.33	1.02	26.67	47.49	36.51
2.62	1.8	94.81	1.94	4.21	11.5	29.31	13.27
2.26	19.36	70.17	9.01	3.83	13.15	38.38	20.21
2.96	2.27	73.14	12.08	33.48	13.75	31.95	15.34
2.72	7.02	91.7	0.72	1.67	12.44	25.11	11.29
2.98	6.57	91.08	1.53	1.57	32.51	49.78	38.78
2.95	1.27	96.77	1.68	1.76	12.42	21.68	10.88
2.63	43.89	53.95	1.67	1.57	18.18	32.79	19.12
2.74	1.6	92.56	3.47	11.16	13.15	29.36	14.25
2.5	0.07	98.16	0.38	0.28	14.1	25.74	12.41
2.65	30.21	69.48	0.16	0.49	13.53	26.26	12.63
2.77	2.83	94.47	0.74	0.59	21.41	38.15	25.17
2.95	1.09	98.33	0.34	0.5	14.67	25.42	11.7
2.65	4.22	77.43	0.77	29.02	13.35	29.43	14.07
3.42	0.39	59.45	6.07	58.24	17.55	32.3	17
2.24	15.46	83.11	0.42	1.34	11.19	20.87	10.19
2.27	5.61	91.38	2.17	2.24	9.95	28.47	12.23
3.56	26.72	64.71	0.93	13	24.38	45.9	31.62
2.78	0	99.17	0.16	2.3	15.97	26.96	13.31
2.71	0.47	97.67	0.75	1.35	20.81	35.24	22.76
2.84	7.45	78.71	0.47	30.13	15.72	27.22	12.54
3.01	0.25	66.05	32.33	5.05	16.08	22.09	11.96
2.55	0.48	98.46	0.67	0.54	13.27	25.93	12.62
2.59	4.48	94.6	0.69	0.47	15.34	26.17	14.72
2.54	4.86	91.91	0.41	4.75	12.23	23.85	10.93
3.04	51.88	17.4	2.51	38.55	15.49	32.09	15.48
2.47	1.27	97.54	0.71	0.68	15.84	29.06	16.21
2.5	1.96	97.49	0.27	0.63	13.09	25.19	12.81
2.34	3.11	69.82	21.25	13.42	11.69	27.02	11.88
2.53	57.78	41.56	0.41	0.47	14.85	24.79	11.78
2.51	0.47	94.22	2.32	1.1	13.75	28.94	13.74
2.58	1	93.31	3.23	2.81	31.67	51.82	41.12
2.36	13.57	79.35	1.4	2.6	13.38	27.1	13.31
3.36	17.62	65.95	13.9	5.9	22.54	38.09	24.57
2.46	3.17	93.5	1.8	3.84	11.46	28.31	13.17
2.71	0.86	97.25	1.24	2.7	12.47	27.19	12.51
2.36	1	97.72	0.78	1.95	10.4	20.43	9.47
2.96	9.65	77.61	8.59	9.59	13.34	30.13	12.97
2.83	0.18	97.33	0.33	3.16	15.27	27.34	11.48
2.47	0.97	96.97	1.1	2.13	12.69	29.69	14.17
2.66	1.04	98.08	0.77	0.49	11.26	21.33	9.85
2.62	24.9	70.94	2.83	2.45	13.56	26.55	12.2
2.72	0.69	98.39	0.46	0.64	12.23	25.71	11.64
2.4	8.45	90.6	0.46	0.82	13.71	24.36	11.91
2.76	0.35	99.08	0.31	0.57	12.77	25.62	11.64
2.52	5.52	93.2	0.74	1.06	17.39	35.2	19.89
2.94	0.75	94.89	3.91	1.08	13.26	23.66	11.1
2.51	13.64	83.98	1.86	1.07	12.67	25.89	12
2.6	17.59	81.3	0.63	0.79	13.56	26.03	11.61
2.73	1.15	84.64	13.62	2.95	13.06	18.79	9.98
2.54	6.71	92.34	0.52	0.77	16.85	29.84	16.92
2.92	0.76	97.48	1.46	0.87	16.11	25.58	12.21
3.02	0.08	99.33	0.24	0.86	14.58	25.15	11.33
2.44	0.99	93.95	2.62	4.93	17.19	32.43	18.85
2.81	2.29	89.5	5.41	5.97	9.97	24.67	7.77
2.7	0.07	98.35	1.46	0.7	11.3	19.48	9.53
3.61	14.43	57.02	6.67	51.27	16.1	32.83	16.31
2.47	0.22	96.37	2.52	1.15	11.81	23.19	10.69
2.76	2.56	81.68	0.6	36.49	16.07	26.56	13.25
2.98	2.7	95.94	0.41	0.89	17.5	27.7	14.62
3.08	1.7	96.9	0.99	0.62	18.64	30.08	17.91
2.6	0.88	87.54	1.94	14.69	14.75	26.11	12.58
2.05	16.71	78.47	3.7	1.72	18.2	53.03	32.36
2.79	0.79	91.5	6.84	3.57	12.43	26.14	11.32
2.42	33.98	64.68	0.87	0.76	13.54	27.86	13.17
2.6	52.56	46.93	0.17	0.49	14.28	24.79	11.38
2.27	0.82	91.82	0.99	11.11	14.12	25.56	14.13
2.96	8.68	76.02	0.79	22.15	17.63	30.86	16.31
3.09	1.16	49.83	1.12	34.68	14.97	27.32	11.92
2.38	15.58	82.19	0.26	1.2	12.62	24.51	12.09
2.75	14.11	79.77	1.42	10.32	12.49	24.83	11.68
2.46	0.03	98.01	0.83	0.96	12.22	28.04	12.11
2.53	6.45	91.2	1.77	1.19	11.41	23.47	10.65
2.99	34.35	62.67	1.63	2.48	17.41	41.2	23.19
2.48	31.88	62.42	2.41	24.56	11.61	26.48	12
2.68	0.56	95.37	1.26	5.91	14.7	30.02	14.24
2.66	0.54	98.76	0.38	0.54	14.55	27.07	13.04
3.12	0.55	98.55	0.67	0.59	20.81	31.28	21.25
2.44	22.62	76.87	0.36	0.35	12.94	21.61	10.53
2.6	31.56	67.76	0.41	0.44	13.24	23.46	10.88
2.8	14.69	80.5	1.79	4.87	12.08	24.73	11.21
2.61	0.64	97.97	0.78	1.44	14	23.66	10.56
2.38	0.2	99.28	0.3	0.53	13.18	22.89	11.93
2.47	1.76	95.02	2.76	2.02	9.71	20.6	9.8
2.48	0.56	98.14	0.63	1.4	13.91	26.73	13.15
2.74	55.75	43.57	0.5	0.45	16.18	29.7	15.17
3.27	3.84	66	6.63	53.45	16.8	35.99	18.99
2.83	0.33	98.5	0.96	0.79	12.8	20.91	10.13
2.8	7.95	91.12	0.71	1.07	13.96	27.11	13.08
2.25	8.23	90	1.33	0.83	15.4	33.17	17.69
2.77	39.47	49.16	4.94	15.67	11.53	24.15	11.22
2.51	40.43	58.37	0.64	0.74	15.22	29.63	15.68
2.34	5.75	74.14	13.77	15.19	10.04	22.85	10.47
2.78	10.13	88.55	0.67	1.51	13.63	28.19	11.61
2.87	0.36	93.48	0.86	11.26	17.18	27.67	12.28
2.51	1.35	95.71	0.34	7.87	11.8	21.53	9.88
2.78	17.84	80.61	0.74	1.47	13.68	29.77	13.52
2.7	4.2	93.96	1.28	1.32	12.24	27.88	11.74
2.51	19.03	73.65	3.07	14.16	10.76	24.85	11.54
2.6	10.97	81.31	1.78	2.95	15.11	26.78	12.97
2.99	0.17	98.62	0.44	0.74	15.21	29.18	12.99
2.08	12.05	87	0.67	0.94	9.8	37.64	14.54
2.27	13.98	79.77	5.02	3.02	8.79	33.22	12.7
2.39	3.04	94.32	1.61	2.57	12.02	26.53	12.24
2.67	0.41	88.97	10.04	3.02	10.57	16.52	7.79
2.86	1.33	91.88	0.53	1.17	13.58	26.61	11.16
3.6	5.86	52.11	34.67	18.61	13.26	29.39	13.21
3.11	1.65	96.61	1.3	2.11	14.03	24.16	11.82
3.01	1.9	94.96	2.66	2.71	14.45	24.87	12.42
2.39	2.94	83.48	5.5	14.36	10.41	24.63	11.92
3.21	3.44	76.87	1.16	69.02	17.84	31.16	15.53
3.12	0.5	98.95	0.41	0.45	14.68	26.18	12.59
2.32	4.46	94.67	0.72	0.3	12.56	21.79	11.29
2.81	0.43	98.98	0.28	0.81	13.4	26.28	12.2
2.72	45.09	54.09	0.17	1.59	15.31	26.01	13
2.89	9	80.73	0.54	4.62	13.12	24.56	11.15
2.78	4.19	83.92	9.09	9.21	11.33	24.06	11.22
2.72	1.02	98.08	0.56	0.76	18.69	26.72	17.82
2.89	6.37	64.08	21.41	13.59	11.63	30.68	14.01
2.82	0.88	94.55	3.47	1.81	26.99	48.06	34.73
2.63	2.61	93.35	1.24	5.18	13.51	26.06	12.5
2.68	9.42	88.63	1.14	1.31	18.99	32.55	20.49
3.27	2.48	72.5	1.15	69.1	17.07	29.52	14.1
2.67	1.11	96.77	0.52	3.41	14.69	25.82	13.07
3.01	15.27	62.22	0.28	38.59	16.36	28.62	13.74
2.54	7.31	91.15	1.17	0.77	12.29	25.91	12.75
2.91	0.46	99.05	0.4	0.37	14.04	22.68	10.94
2.83	0.31	96.46	3.2	0.67	14.27	22.89	12.33
2.71	1.06	96.63	1.81	1.04	11.14	19.25	9.09
3.01	16.01	60.64	4	34.57	14.78	30.37	14.56
1.6	3.42	90.18	3.1	8.73	4.58	23.07	7.61
2.47	31.53	61.09	1.76	8.66	13.87	31.43	15.28
2.51	3.57	87.49	3.21	2.38	20.19	37.58	23.27
3.27	4.77	88.62	1.76	8.61	13.48	27.89	9.82
2.76	0.46	95.69	2.24	2.12	15.35	24.68	11.85
2.79	2.39	81.07	11.11	10.15	15.34	32.56	16.73
3.05	7.1	85.31	1.01	14.3	15.23	27.41	11.98
2.78	7.94	76.92	0.41	37.85	15.02	27.08	12.76
2.58	23.5	68.77	1.2	7.91	14.72	29.56	15.87
2.21	1.09	97.64	0.4	1.4	9.31	18.83	9.04
2.93	3.37	93.69	2.75	0.46	13.47	21.37	10.2
2.56	7.89	89.13	1.05	3.46	14.14	27.75	13.47
2.42	27.58	69.18	2.47	1.41	15.95	35.77	19.54
4.18	0.29	96	1.53	3.08	47.87	63.14	53.34
3.29	56.42	19	1.32	31.17	17.6	31.78	15.89
2.85	0.47	98.97	0.38	0.45	12.14	25.19	9.85
4.06	0.99	62.23	11.76	72.49	18.21	35.51	18.15
2.95	0.56	97.98	1.05	1.08	13.76	28.51	12.74
2.42	12.43	70.56	3.04	22.95	16.73	35.98	19.84
2.83	3.35	89.44	6.14	5.01	12.59	26.78	12.12
2.54	6.34	92.68	0.44	0.48	13.68	24.53	11.65
2.66	4.52	87.08	2.81	9.58	16.02	30.98	17.13
2.57	43.14	56.11	0.41	0.52	17.23	30.4	17.51
2.77	4.18	74.12	0.22	27.56	15.69	26.13	12.74
2.42	8.04	90.62	0.69	1.8	11.58	20.95	10
2.63	0.5	93.04	1.41	5.65	13.19	23.6	10.98
2.84	0.95	94.72	3.63	3.47	10.04	25.22	10.13
2.43	8.79	88.47	0.35	5.09	11.99	26.07	12.85
2.54	1.62	97.38	0.69	0.51	13.65	24.2	11.92
2.35	24.27	74.59	0.74	0.69	11.78	25.45	12.17
2.45	29.59	66.78	1.2	3.91	12.71	27.17	12.5
2.44	17.07	82.14	0.43	0.49	15.39	27.79	15.85
2.87	1.4	97.26	0.59	1.28	26.77	42.55	30.67
3.58	3.25	55.83	12.41	47.86	16.06	30.88	15.17
2.61	14.11	76.21	3	16.74	12.05	25.74	12.25
2.34	2.9	94.38	1.9	5.59	11.1	21.72	11.1
2.95	1.47	97.91	0.26	0.68	12.77	23.78	10.61
3.58	0.73	96.33	2.08	1.38	35.82	47.34	38.29
2.86	1.22	90.4	4.78	9.6	14.83	26.2	13.3
2.47	1.64	95.09	2.55	1.13	12.44	26.35	13.71
2.67	58.24	40.93	0.43	0.89	14.56	26.49	12.94
3.03	47.44	50.33	1.32	1.47	13.16	31.68	14.42
3.13	4.7	62.8	19.54	26.64	14.34	30.37	14.46
3.19	2.13	96.03	1.18	2.13	40.03	53.37	45.54
3.4	9.9	83.97	3.46	10.89	9.98	27.1	10.49
2.47	7.76	87.03	1.67	10.77	9.81	24.68	10.15
2.84	0.81	77.09	0.36	15.97	14.65	26.23	11.23
2.45	3.94	93.73	2.08	0.87	10.81	23.42	10.73
2.47	17.01	81.68	0.85	0.65	13.8	26.42	13.1
4.29	0.41	31.36	0.76	93.11	19.92	37.95	20.29
2.48	0.73	96.91	0.65	2.25	11.92	25.76	12.4
2.65	1.4	97.36	0.67	1.27	17.44	29.62	16.84
3.04	1.04	92.63	6.21	2.31	13.43	23.75	12.47
2.92	0.55	98.29	0.86	0.92	20.52	36.22	21.31
2.6	45.63	53.11	0.91	0.78	16.06	28.38	15.86
3.07	0.29	98.96	0.43	0.88	19.02	30.98	18.54
2.34	0.21	98.16	1.19	0.87	12.34	21.86	10.27
2.85	5.27	74.08	3.07	29.55	14.67	28.08	12.69
2.49	31.78	65.61	1.82	1.41	13.02	28.82	13.38
2.45	0.54	95.58	1.34	2.03	10.52	19.07	8.23
2.53	20.56	78.6	0.55	0.55	13.47	26.57	13.92
2.45	33.67	64.97	0.97	0.64	13.77	26.7	13.56
2.19	1.4	93.83	3.83	2.8	8.09	16.37	6.94
3.03	4.97	79.18	12.87	8.47	13.03	21.25	8.89
2.97	0.82	91.75	0.49	23.98	17.03	27.62	12.94
2.79	3.54	94.3	1.57	1.73	13.23	26.68	12
2.93	0.41	98.7	0.79	0.49	12.69	20.11	9.47
2.67	0.2	98.33	0.63	0.88	15.65	28.66	14.42
2.61	39.06	59.75	0.97	0.3	16.78	28.54	15.37
2.45	3.75	88.94	5.19	3.06	10.87	27.8	12.06
3.06	6	91.86	1.71	1.1	41.84	57.65	49.62
2.9	0.46	98.78	0.46	1.9	17.15	29.94	17.41
2.89	1.99	90.35	7.23	2.83	13.64	22.18	10.86
3	18.19	67.49	0.23	20.96	14.88	27.28	12.84
2.49	1.24	97.32	1.02	0.99	10.24	21.23	8.72
2.27	0.89	97.86	0.9	1.02	8.56	19.67	8.06
2.49	11.75	77.39	0.55	2.57	13.15	23.15	10.3
2.64	61.92	34.92	1.95	3.47	15.53	28.67	14.45
3.09	79.42	20.14	0.03	0.33	18.76	29.24	14.23
3.11	0.64	26.75	57.46	31.33	13.89	28.54	14.13
2.77	3.36	72.53	8.83	32.34	14	28.25	13.72
2.56	25.58	72.23	1.33	1.81	14.05	27.69	13.25
2.67	0.44	98.58	0.82	0.76	11.38	24.48	11.5
2.79	3.1	91.76	2.02	1.76	15.61	28.32	13.89
2.79	7.51	90.43	0.82	2.18	14.58	27.85	13.2
2.6	0.99	97.62	0.9	1.04	11.77	27.13	12.98
2.6	38.93	59.62	1.01	1.02	15.09	27.92	13.99
3.43	0.32	97.84	0.93	1.01	16.73	28.64	12.22
2.43	28.18	70.81	0.74	0.39	13.85	24.64	12.79
2.42	0.39	98.93	0.46	0.45	11.72	25.35	12.55
2.62	0.25	96.43	2.58	0.89	13.79	27.16	12.77
2.65	2.78	94.3	2.06	1.44	14.01	26.19	12.25
3	36.35	58.94	0.88	6.84	15.14	27.04	13.39
2.44	4.1	85.61	0.59	21.96	11.9	20.75	10.71
2.94	1.59	96.89	0.88	2.52	14.66	24.59	10.53
2.89	43.69	53.67	1.43	1.98	21.95	39.87	25.32
2.76	1.72	83.17	5.48	16.31	14.74	29.59	13.43
2.52	0.14	97.84	0.5	2.4	14.78	27.86	13.49
2.1	8.12	91.25	0.4	1.03	7.94	15.9	7.56
2.72	6.57	86.75	3.94	7.69	13.01	28.95	13.89
2.37	29.65	68.18	1.47	0.68	14.05	25.8	13.25
2.75	1.48	97.16	0.48	1.36	14.78	26.35	12.8
2.46	22.57	74.4	2.37	1.07	15.17	34.21	17.87
2.63	2.01	94.86	0.84	5.28	12.13	27.84	12.58
3.73	0.78	38.93	1.29	90.7	18.98	33.35	16.88
2.41	0.24	98.74	0.54	0.47	13.26	23.23	10.89
2.48	7.74	89.84	1.95	0.89	13.64	27.11	12.64
3.62	5.25	58.66	8.58	54.37	16.52	31.94	15.84
2.55	6.05	92.03	1.52	0.58	15.15	28.5	14.02
2.42	10.02	88.64	0.95	1	13.15	28.4	14.54
2.21	15.19	82.53	1.79	1.22	9.66	27.16	11.09
2.51	0.6	89.6	2.25	13.87	11.79	26.16	12.63
2.64	28.09	52.69	4.12	27.63	14.4	30.53	14.73
2.74	0.51	98.18	1	1.07	11.56	24.23	11.54
2.69	59.17	40.18	0.45	0.38	15.46	26.8	12.32
2.57	37.1	60.19	2.11	1.08	13.84	26.73	12.78
2.43	13.5	75.28	8.44	6.79	16.46	37.35	21.42
2.48	3.77	87.34	0.3	13.97	13.4	24.92	12.38
2.76	0.24	99.45	0.22	0.28	13.69	23.25	11.6
2.5	7.58	81.61	1.79	16.27	13.43	30.11	15.54
3.33	0.07	98.05	0.58	1.85	18	30.75	14.39
3.67	4.63	88.93	5.84	1.19	48.66	69.67	61.34
2.56	1.13	97.1	1.49	0.75	12.75	21.28	10.31
2.97	0.76	97.85	0.95	1.19	12.97	23.99	11.1
2.66	59.21	39.1	1.08	1.03	13.23	27.66	13.55
2.3	9.26	65.59	22.54	6.64	8.57	20.18	9.56
2.8	0.15	98.74	0.51	1.31	15.46	29.25	15.68
2.87	7.31	77.8	3.47	18.93	13.77	29.21	13.4
3.37	0.34	70.94	0.69	76.97	18.82	30.81	15.39
2.26	1.24	92.04	4.79	2.64	12.81	25.73	12.75
2.76	0.82	97.6	1.26	1.86	14	24.96	14.22
3.19	1.8	95.41	1.39	2.5	14.79	25.61	12.91
2.92	14.54	80.05	2.88	12.14	14.05	30.97	13.46
2.73	1.26	85.47	0.34	34.76	14.16	25.06	12.17
3.13	1.1	85.74	10.12	9.44	14.64	24.72	11.74
2.44	4.3	89.06	5	5.13	10.59	24.97	11.61
2.29	45.6	51.64	1.4	5.98	10.47	22.1	10.09
2.72	0.66	97.59	1.24	0.86	25.2	39.16	28.26
2.92	2.87	87.21	8	5.46	14.01	29.01	12.82
3.34	12.72	83.03	2.64	4.13	13.96	30.62	11.34
2.49	0.26	94.78	1.15	5.08	12.53	24.15	11.38
2.39	0.96	96.08	1.87	3.26	10.77	23.15	10.32
2.61	1.95	92.19	1.53	2.38	15.67	27.79	15.03
2.99	0.73	94.12	0.42	2.42	16.92	28.61	12.86
2.61	2.39	91.79	4.91	7.81	11.02	24.24	11.9
4.05	54.83	10.58	1.93	43.68	18.39	33.51	16.8
2.52	35.19	63.79	0.66	0.59	14.89	25.94	14.88
2.52	10.72	86.68	1.69	1.7	12.23	29.29	12.26
2.62	0.16	98.09	1.15	1.37	13.01	23.46	11.7
2.52	27.36	70.32	1.55	1.22	16.77	34.11	19.16
2.56	38.46	60.07	0.84	1.41	13.25	24.5	11.54
2.56	8.05	90.21	1.29	0.56	19.25	34.09	21.85
2.36	4.96	93.83	0.65	0.7	12.83	24.88	12.32
2.88	4.41	84.78	8.47	5.33	13.62	33.81	14.94
3.06	5.29	92.35	1.78	1.4	13.76	23.73	12.6
2.82	3.69	81.15	9.36	14.63	12.55	25.05	11.36
2.63	0.23	98.84	0.83	0.71	11.05	17.45	8.44
2.52	0.21	97.61	1.27	0.72	13.2	23.98	11.36
2.58	3.21	91.44	4.9	1.6	25.03	39.16	26.34
2.53	29.71	68.79	0.75	1.65	14.75	26.2	13.88
2.51	1.53	97.96	0.27	0.37	13.93	24.78	12.31
2.73	1.12	94.03	1.13	8.52	13.29	24.41	10.87
2.81	0.72	96.34	2.15	1.21	11.63	25.48	9.79
2.53	17.79	80.27	0.43	1.81	13.25	29.29	14.4
2.9	0.16	97.46	0.61	3.38	15.25	27.63	12.77
2.48	3.31	95.22	1.19	0.92	12.01	26	11.67
2.83	8.04	86.58	4.52	2.58	17.33	30.45	18.96
2.84	0.24	98.43	1.06	0.68	12.77	24.31	11.93
2.35	3.21	93.44	1.78	4.46	10.38	28.69	13.11
2.85	0.55	97.81	1.23	0.94	13.58	28.78	13.14
2.76	23.44	72.2	1.27	4.48	19.04	29.61	17.47
2.5	2.64	93.3	2.98	2.63	13.15	27.93	13.54
2.79	7.07	71.04	17.65	9.82	12.37	23.2	10.85
2.3	8.49	84.84	4.99	5.5	9.13	26.85	11.48
2.72	5.64	88.49	0.41	10.45	14.51	25.33	12.13
2.66	54.84	44.01	0.79	0.73	14.78	28.77	14.25
2.95	4.6	92	2.11	2.73	13.83	30.61	15.41
2.46	1.26	84.15	0.88	1.91	18.68	32	19.84
2.59	3.73	87.56	4.63	1.8	29.79	51.91	38.55
1.99	1.16	92.53	3.8	6.95	6.14	35.23	11.95
2.41	38.95	60.35	0.33	0.61	13.16	24.77	11.85
2.77	0.72	97.66	1.02	1.38	13.79	27.83	13.3
2.41	0.27	94.75	1.57	2.71	12.56	23.26	10.77
2.77	2.19	86.95	1.45	15.52	11.08	23.2	8.71
2.48	1.53	97.3	0.18	2.09	13.09	26.08	12.54
2.87	0.78	96.6	2.36	0.95	14.25	23.88	11.21
2.54	0.37	98.93	0.43	0.65	10.7	21.6	9.62
2.51	17.85	74.61	1.8	7.98	13.59	30.4	14.65
2.76	8.16	85.38	5.57	1.81	11.89	25.49	12.14
2.63	42.19	49.31	4.81	8.22	13.98	24.99	11.71
3	96.67	2.68	0.47	0.3	28.82	41.83	30.37
2.63	4.86	92.15	1.78	2.68	13.41	26.22	12.12
2.6	1.23	98.13	0.29	0.85	14.42	25.16	12.14
1.99	5.58	93.87	0.22	2.11	5.94	11.44	5.61
2.17	9.34	87.88	1.14	6.21	8.19	20.86	8.73
2.88	23	66.37	0.9	35.28	14.33	30.07	14.93
2.68	3.18	87.82	4.16	7.93	13.76	28.5	12.42
2.68	0.99	90.64	3.69	11.48	13.46	28.67	12.36
3.8	0.12	70.23	0.1	88.43	21.22	32.69	16.61
2.53	7.67	81.28	0.41	1.25	11.75	23.49	10.69
2.39	0.04	98.85	0.47	0.83	11.61	20.79	8.76
2.74	1.17	96.11	2.2	1.58	13.8	25.09	12.84
3.08	2.2	61.55	6.06	45.71	14.37	29.45	14.29
2.48	1.45	96.2	0.98	1.97	12.45	25.52	11.82
2.49	15.37	83	1.38	0.38	11.74	23.82	11.61
2.77	1.41	96.17	1.92	1.14	13.98	22.49	10.62
2.59	1.74	86.14	4.52	19.56	12.72	27.75	13.06
2.44	0.14	97.38	0.68	1.22	13.81	24.98	12.28
3.02	6.94	90.21	2.25	1.19	15.91	27.35	13.94
2.51	10.09	88.84	0.46	0.78	12.74	26.59	13.01
2.54	17.67	80.17	0.41	2.55	14.23	28.42	13.7
2.49	4.27	94.32	1.07	1.06	12.06	22.97	11.14
2.81	1.28	73.45	3.32	38.98	14.04	28.03	14.12
3.07	0.67	98.32	0.87	0.56	12.84	22.5	11.15
2.68	69.94	28.02	0.13	2.6	15.61	28.64	13.97
2.31	0.61	96.06	1.52	4.29	11.06	20.94	9.64
2.74	1.81	77.9	18.1	6.26	16.76	30.88	16.61
2.61	0.49	98.49	0.58	0.65	20.44	33.58	21.93
2.95	11.76	59.82	1.57	55.54	14.92	29.47	14.7
2.57	0.19	98.02	0.94	1.03	12.52	25.51	10.96
3.13	1.52	88.15	5.46	12.68	15.35	28.8	13.85
2.73	1.02	94.16	4.38	1.95	11.32	23.6	9.08
2.78	1.6	96.47	1.75	0.98	13.3	24.74	10.96
2.44	3.14	95.46	0.77	1.1	12.25	25.19	12.04
2.91	18.72	76.46	1.23	5.72	14.57	27.24	13.28
2.96	40.76	53.02	3.86	13.34	14.03	26.9	13.23
2.74	0.95	97	1.51	1.03	13.96	23.08	10.97
2.44	0.23	95.53	3.47	6.03	10.46	22.97	10.69
2.8	1.24	90.49	4.7	17.06	12.95	28.53	13.26
2.57	5.66	90.17	3.07	5.28	10.5	22.74	9.94
3.06	3.97	92.37	3.21	2.39	15.53	22.59	10.01
2.9	6.14	91.22	2.03	1.47	14.22	27.73	12.46
2.66	17.18	69.88	1.55	19.8	15.77	34.62	18.81
2.53	2.51	68.29	0.38	1.77	20.79	36.19	23.58
2.89	0.42	85.9	12.37	4.6	13.55	19.86	10.13
2.73	11.91	83.95	3.03	3.6	10.98	21.64	10.3
2.46	2.93	90.16	0.69	1.93	12.67	23.36	10.41
2.72	1.37	97.22	1.16	1.33	13.82	27.46	13.19
2.77	46.17	52.96	0.72	0.53	13.82	24.17	11.46
2.56	0.83	95.53	3.31	1.31	10.06	23.99	10.61
2.7	0.24	98.94	0.4	1.52	12.14	23.98	11.47
2.46	7.11	89.25	2.38	2.4	13.62	28.54	14.12
2.47	4.12	92.37	2.6	1.34	17.29	34.3	19.36
2.36	29.12	67.89	2.38	1.72	11.33	24.76	11.41
2.55	0.8	98.04	0.78	1.31	11.33	25.03	11.4
2.51	2.18	93.98	2.84	3.15	11.46	21.5	10.78
2.61	0.76	95.33	3.23	0.82	14.25	30.96	16.62
2.37	0.17	97.74	0.58	2.1	13.69	22.59	10.5
2.57	1.82	95.3	1.85	0.95	10.97	26.07	11.27
3.05	2.48	85.67	1.41	18.99	14.89	25.91	11.52
2.57	0.92	93.14	2.32	6.66	24.78	43.68	30.33
2.38	20.03	78.72	0.52	1.66	10.58	19.91	9.39
2.47	1.43	97.65	0.65	0.43	11.26	27.27	12.93
2.82	0.94	97.5	0.74	0.79	14.27	29.74	13.76
2.63	6.33	92.86	0.26	0.33	15.03	25.72	12.11
2.38	18.59	80.8	0.31	0.45	12.23	23.1	11.44
2.83	0.95	76.55	4.06	33.93	13.94	30.43	14.79
2.37	4.25	81.41	0.58	1.26	18.54	30.44	19.51
3.07	1.08	96.2	2.32	2.72	13.15	23.77	12.09
3.08	0.97	65.02	6.55	34.84	15.62	27.55	12.98
2.62	18.96	57.25	8.11	27.29	12.4	28.85	13.61
2.49	8	91.54	0.22	0.5	11.82	22.05	10.84
2.66	22.83	75.96	0.92	0.37	15.31	27.96	14.13
2.47	1.22	97.54	0.9	0.57	11.45	22.27	10.81
2.53	17.03	82.03	0.28	0.81	16.76	27.7	16.85
2.93	11.17	87.79	0.56	0.49	20.03	31.51	20.45
2.46	21.9	76.14	0.41	3.78	16.68	28.19	17.14
2.5	7.67	91.48	0.43	0.65	13.3	27.87	12.92
2.86	0.45	97.05	1.75	0.33	29.33	48.62	36.95
2.71	1.64	91.75	0.22	1.51	15.02	25.71	11.23
2.74	0.58	95.34	1.22	4.18	15.77	28.02	12.99
2.67	1.85	90.07	1.51	10.88	14.41	29.13	13.64
2.62	1.7	94.42	2.97	1.97	11.89	25.45	11.3
2.82	12.07	82.57	0.38	8.07	15.99	26.89	13.54
2.93	0.65	96.03	2.28	2.61	17.68	28.64	14.52
2.35	0.38	96.39	0.35	5.62	10.48	19.4	8.8
2.82	4.82	61.64	26.37	19.39	12.25	26.29	12.39
2.55	0.83	96.39	1.8	2.32	10.97	25.44	11.11
2.62	30.39	56.66	0.62	0.45	14.68	25.9	12.69
2.57	7.09	91.75	0.79	0.95	11.42	20.06	8.51
2.69	38.85	58.41	1.75	1.97	15.27	30.86	15.85
2.37	0.22	98.77	0.67	0.76	12.71	23.52	10.64
2.71	49.29	49.64	0.7	1.03	15.12	27.45	12.96
2.85	4.21	93.23	1.26	2.81	15.39	29.94	14.71
2.53	1.28	98.36	0.2	1.13	13.06	23.38	11.62
2.74	6.43	80.74	4.82	4.09	13.96	28.98	13.23
2.45	7.52	78.73	4.61	16.28	13.16	34.64	15.76
2.58	3.28	95.48	0.74	1.38	19.92	33.11	20.65
3.14	0.19	98.46	1.18	0.52	15.39	21.75	10.85
2.5	18.85	69.02	0.53	1.5	13.67	24.46	11.63
2.75	0.13	98.74	0.47	0.92	13.83	27.68	12.85
2.6	27.19	70.8	1.35	1.71	16.61	31.09	16.76
2.39	0.67	98.59	0.41	0.38	12.91	24.54	11.68
2.7	2.97	96.08	0.64	0.52	14.71	26.32	12.85
2.6	31.74	67.21	0.53	0.76	14.86	26.95	13.21
2.9	2.24	92.09	5.06	2.53	10.28	21.07	10.06
3.07	1.85	95.15	2.72	0.85	16.62	21.53	10.63
2.45	21.82	75.5	1.7	1.34	13.65	25.55	12.19
2.41	51.31	35.45	3.97	15.3	12.32	26.47	12.98
2.77	5.71	73.24	10.38	20.73	14.06	34.37	17.33
3.1	9.26	73.2	6.79	18.51	14.68	30.15	13.19
2.38	5.16	93.4	1.12	0.92	10.37	24.64	11.01
2.6	1.33	96.41	1.26	2.45	12.03	25.44	12.08
2.5	2.45	93.6	0.45	5.62	13.57	26.49	12.77
2.46	1.14	91.22	1.19	5.94	15.8	29.68	16.21
2.81	0.16	99.05	0.66	0.53	13.65	22.52	11.18
2.8	0.93	96.78	1.77	1.41	13.16	26.19	12.32
2.8	0.28	79.3	0.46	31.42	12.84	23.68	11.71
3.67	8.46	40.89	17.67	49.61	19.27	37.89	21.93
2.74	1.02	96.77	1.03	2.93	13.45	24.99	11.69
3.83	0.05	97.69	0.77	2.4	20.03	30.7	13.79
2.75	1.52	89.39	4.6	9.85	13.48	27.36	12.18
2.71	0.79	98.77	0.25	0.14	14.91	29.09	14.17
2.75	0.14	98.91	0.66	0.78	13.65	23.26	12.34
2.07	0.68	90.88	1.18	14.91	8.35	17.88	8.49
2.63	14.49	82.31	2.79	0.8	20.71	38.51	24.46
2.62	22.87	70.57	4.83	3.67	17.76	33.65	19.76
2.65	35.15	62.76	0.28	3.34	15.79	28.82	14.55
2.61	0.51	97.97	0.57	0.89	12.85	24.33	10.79
2.42	0.88	96.09	1.39	5.21	12.43	24.93	11.73
2.61	6.4	91.39	1.78	1.45	11.46	20.82	8.8
2.99	3.14	94.45	1.51	4.35	13.22	27.04	11.92
2.77	10.29	82.84	3.26	9.18	16.13	34.37	17.74
2.54	6.89	91.91	0.85	0.67	13.06	24.19	11.26
2.39	1.59	86.83	10.01	7.27	9.97	24.66	11.31
2.98	1.06	95	3.12	3.08	14.01	25.19	13.66
3.04	13.8	68.17	10.7	13.22	14.9	30.66	14.46
2.75	45.42	54.12	0.15	0.99	15.26	27.91	14.37
2.69	0.25	99.26	0.32	1.12	13.09	24.14	12.08
2.75	1.08	97.1	1.62	0.51	13.07	24.99	11.28
2.25	24.77	66.36	3.67	15.1	9.28	27.33	11.67
2.84	1.67	90.93	1.44	12.36	14.12	25.46	11.54
2.66	1.63	92.86	5.09	0.87	9.28	21.33	8.42
2.47	17.99	81.32	0.24	0.63	12.92	25.84	12.84
2.91	8.3	59.18	12.52	29.87	15.24	29.81	14.69
3.76	0.2	84.77	0.3	90.14	21.08	33.08	16.68
2.57	14.25	83.86	0.32	3.4	13.68	25.52	12.35
2.79	2.17	74.65	12.18	21.29	14.83	31.81	16.71
2.47	0.47	96.41	0.94	3.17	13.73	25.35	12.32
2.79	2.13	95.77	1.77	1.16	12.09	22	11.22
2.46	4.98	86.17	1.35	11.68	12.67	27.39	13.52
2.59	0.39	98.9	0.29	1.46	12.03	23.51	11.37
3.06	1.18	90.88	7.64	2.22	12.83	21.65	10.96
2.35	13.09	85.19	0.68	1.1	11.86	25.06	12.9
2.27	3.52	95.95	0.3	1.4	11.99	21.63	10.31
3.71	6.61	48.03	37.48	23.49	17.24	26.3	13.02
2.85	80.57	16.31	0.18	5.74	17.22	27.6	13.44
2.62	9.19	84.84	0.41	11.8	13.88	26.9	12.32
2.24	1	97.52	0.35	0.86	8.84	17.97	8.42
2.34	0.52	98.45	0.9	0.64	10.77	21.98	10.06
2.71	0.23	94.46	1.65	7.75	16.91	28.81	16.43
2.6	42.37	53.68	0.54	6.43	13.02	24.47	12.06
2.41	0.93	97.28	0.52	2.91	14.06	25.17	12.52
2.68	1.21	96.78	1.08	2.86	11.77	25.18	11.85
2.49	3.91	90.9	3.35	3.99	11.41	25.94	11.05
2.64	6.1	83.01	0.37	14.5	17.06	27.99	15.58
2.37	1.44	94.17	0.96	6.9	12.67	26.36	12.43
3.3	2.69	66.17	0.99	59.76	17.37	31.32	14.83
2.96	3.76	66.81	1.56	62.37	18.78	34.78	19.75
2.48	5.59	91.27	1.96	2.01	13.34	30.5	13.84
2.28	1.4	97.7	0.41	0.62	12.95	26.14	13.03
2.78	0.31	98.88	0.42	1.62	13.45	22.99	10.72
2.57	8.28	90	0.67	2.58	11.35	25.35	11.25
2.67	0.41	98	1.34	0.65	13.36	21.94	11.05
2.39	2.17	96.3	1.41	0.59	11.41	26.59	12.08
2.45	0.52	98.59	0.4	0.61	12.02	22.51	10.49
2.55	3.2	86.85	4.05	10.88	18.97	38.87	22.84
2.52	34.85	63.24	0.57	1.57	13.73	25.45	11.77
3.32	15.21	81.25	2.91	1.31	40.83	58.9	49.38
2.63	2.69	96.49	0.61	0.52	11.97	24.21	11.35
2.09	15.87	80.22	2.26	3.55	10.19	34.22	14.17
2.76	1.46	97.34	0.73	2.28	12.78	23.63	11.04
2.59	9.32	87.84	1.49	2.41	16.55	34.48	19.23
2.81	2.03	96.07	1.75	0.67	13.05	23.6	12.45
2.48	19.5	73.5	1.47	13.57	11.75	26.7	12.27
2.55	7.75	82.35	2.4	12.1	15.45	31.84	15.3
2.74	1.55	96.9	1.21	0.86	13.25	22.59	11.04
2.64	1.37	96.8	0.96	2.15	13.98	23.98	10.59
2.55	0.72	93.78	4.85	0.88	20.07	36.37	24.03
2.7	0.22	98.37	0.22	4.85	13.99	24.93	11.45
2.47	17.63	81.01	1.14	0.44	12.33	23.7	11.64
2.31	0.51	97.9	1.11	1.06	9.63	24.83	9.78
2.6	3.8	95.48	0.33	0.48	14.78	29.51	14.2
2	16.68	81.57	0.84	3.86	6.9	18.5	8
2.5	5.31	94.3	0.33	0.51	13.56	27.06	12.94
2.1	3.29	95.65	0.56	2.51	8.77	18.62	8.96
2.58	1.42	94.91	2.34	4.23	10.84	26.87	12.35
2.69	5.25	93.64	0.47	1.09	14.39	26.78	11.9
2.73	0.74	96.4	2.27	0.93	12.41	24.11	10.17
2.38	29.65	69.21	0.73	0.65	13.13	26.4	12.64
2.71	0.66	96.98	2.2	0.96	11.13	20.91	10.05
2.75	24.29	66.7	1.18	11.04	16.09	27.19	14.58
2.79	24.04	74.53	0.5	1.5	14.81	28.45	13.92
2.61	41.58	57.23	0.85	0.81	17.66	33.2	19.51
2.63	1.07	96.97	1.63	2.24	11.25	19.84	9.77
2.28	1.12	96.59	1.66	0.8	11.84	30.02	14.82
2.49	0.55	98.71	0.36	0.52	13.68	25.94	12.14
2.47	6.43	93	0.32	0.39	14.38	26.56	13.19
2.83	0.67	94.31	2.14	5.61	14.54	26.59	11.34
2.93	6.1	77.69	1.95	40.36	12.39	30.55	14.44
2.63	1.57	97.15	1	0.63	17.12	29.18	17.06
2.43	0.11	98.58	0.59	0.46	12.72	23.1	11.3
2.74	0.54	90.34	2.79	9.67	16.64	30.23	16.91
2.44	45.71	51.71	1.96	1.18	15.72	32.98	17.52
2.87	1.01	97.28	1.57	1.33	13.04	19.73	10.01
2.91	1.3	97.8	0.57	1.1	12.87	25.38	11.61
2.85	20.29	64.86	0.16	17.02	15.12	27.91	13.96
3.06	1.6	83.03	5.31	23.38	15.48	26.99	12.57
2.96	3.86	86.76	2.47	12.62	14.45	26.16	11.59
2.94	5.16	76.11	0.81	34.49	15.47	27.54	13.12
2.49	0.16	95.98	0.5	0.35	16.7	29.65	16.59
2.51	1.31	96.22	2.08	1.16	9.41	21.17	9.1
2.81	2.84	93.55	3.18	1.35	12.79	26.81	11.76
2.69	0.39	98.02	0.6	0.36	14.72	29.94	13.95
3.32	1.47	93.38	2.98	1.24	29.19	39.37	29.24
2.58	17.78	76.28	2.6	9.77	10.46	26	11.55
2.75	0.39	98.63	0.71	0.47	12.5	25.72	10.99
2.62	1.13	89.89	1.99	8.74	14.53	27.83	12.95
2.67	0.58	96.42	2	0.77	14.19	31.73	14.72
2.59	1.38	97.49	0.88	0.86	11.7	20.42	9.6
2.4	1.73	96.19	1.19	0.91	9.4	22.84	9.21
2.56	15.48	79.29	1.65	9.37	10.6	26.36	11.59
2.36	37.94	60.51	1.11	0.66	13.96	29.98	15.2
3.57	4.72	92.84	0.84	3.22	19.11	34.89	20.95
2.48	5.61	93.29	0.48	1.64	12.57	26.41	12.27
2.4	9.12	88.63	0.8	1.86	14.84	29.64	16.86
2.28	20.89	78.4	0.33	0.57	11.87	22.25	10.01
2.6	1.5	96.16	1.73	1.32	11.1	26.02	11.95
2.59	11.43	78.42	3.61	12.53	12.34	27.06	12.54
2.77	0.52	98.11	0.97	0.9	11.83	23.43	10.64
5.28	17.13	36.2	0.58	51.77	13.14	39.97	18.07
2.53	1.07	92.13	5.3	7.3	11.64	27.15	12.11
2.9	2.7	93.65	3.09	1.46	11.06	24.36	11.87
2.59	52.19	47.15	0.42	0.62	15.33	28.24	14.46
2.77	0.68	98.52	0.4	1.33	11.6	23.91	10.73
2.57	5.2	90.94	2.31	1.27	12.37	26.52	12.34
2.84	38.27	60.06	0.92	1.45	16.24	31.45	15.07
3.15	0.26	57.67	0.39	70.31	18.53	29.76	15.23
2.76	2.21	74.29	3.63	37.22	12.15	27.34	12.45
3.67	0.2	97.86	0.97	1.82	20.5	28.87	12.98
2.22	20.53	76.27	1.84	3.21	12.28	35.99	17.68
2.48	1.05	97.91	0.61	1.16	11.08	21.51	9.93
2.41	23.06	70.73	2.51	13.65	9.1	28.07	12.04
2.42	7.72	91.25	0.67	0.46	12.9	23.66	11.37
2.64	2.34	96.52	0.76	0.58	24.44	35.14	24.54
2.7	1.82	85.35	0.39	57.99	15.53	24.59	11.83
3.17	4.42	93.96	1.01	1.51	14.49	26.63	11.48
2.83	0.48	96.12	3.05	0.99	13.28	25.84	12.39
2.36	33.88	64.94	0.57	0.86	17.08	30.71	17.91
2.69	8.56	77.63	1.41	22.51	18.34	35.04	20.23
2.92	11.48	73.01	0.88	23.6	14.67	27.2	13.4
2.82	12.96	80.24	1.71	6.32	14.05	28.6	13.95
2.79	0.85	97.1	1.49	2.55	13.94	24.48	12.14
2.14	1.07	98.12	0.43	1.83	9.04	17.98	8.56
2.61	2.79	89.57	5.02	7.27	11.95	24.71	11.06
3.12	0.48	98.48	0.93	0.4	15.83	26.36	13.38
2.51	26.9	68.76	1.56	8.74	15.77	34.53	18.37
3.54	7.44	42.35	45.19	12.52	18.6	28.65	15.58
2.86	3.26	91.39	4.63	2.67	11.68	24.31	10.08
2.53	17.63	81.33	0.42	1.09	13.88	25.71	13.49
2.32	1.81	88.15	7.45	10.94	9.66	24.38	10.7
2.43	1.36	81.06	0.4	1	18.23	27.66	16.62
4.31	0.61	96.62	1.76	1.03	47.94	63.35	55.71
2.59	0.94	94.25	3.25	3.59	12.34	27.52	12.14
2.06	0.99	97.62	0.84	1.95	8.01	19.71	8.96
2.6	0.46	97.33	1.29	2.3	11.67	24.32	11.43
2.36	8.69	88.6	1.06	2.69	13.47	29.18	14.95
2.49	2.14	90.6	6.49	2.67	12.92	30.15	13.17
2.82	1.39	85.37	12.48	3.22	11.32	16.79	8.1
2.63	40.43	58.22	1.06	0.98	21.46	38.93	25.22
2.89	0.8	96.5	2.46	0.69	15.52	21.48	11.99
2.58	43.88	32.47	14.76	13.89	12.88	27.02	12.96
2.66	0.59	95.96	2.93	3.48	10.77	20.02	9.29
2.44	5.49	92.63	1.34	1.12	11.16	24.95	11.4
2.48	0.92	97.11	1	0.64	14.56	30.69	16.58
2.69	0.13	97.43	2.19	1.31	11.41	20.66	10.44
2.76	2.78	84.9	2.32	20.19	12.72	25.5	11.93
3.19	1.1	90.42	8.1	1.94	14.99	24.83	13.06
2.72	2.48	93.36	3.88	0.96	13.42	23.91	10.99
2.89	0.29	97.97	1.2	0.96	15.7	29.87	15.07
2.25	30.72	67.37	1.14	2.48	16.18	31.84	19.52
2.84	1.06	95.97	2.4	1.26	19.78	31.62	20.47
2.62	0.11	97.17	0.98	1.49	14.12	27.13	12.91
3.53	0.16	80.42	0.06	90.92	19.96	30.86	15.94
2.42	10.49	86.66	1.12	3.4	13.75	27.31	14.3
3.04	14.22	80.48	1.79	8.07	13.53	27.46	10.76
2.7	25.14	67.1	1.15	15.94	15.24	26.94	12.93
3.19	8.54	59.78	17.2	34.61	15.55	29.44	14.49
2.73	1.37	90.67	5.78	6.69	14.08	26.43	12.45
2.86	0.91	97.62	1.17	0.66	14.01	20.41	9
2.6	2.34	96.59	0.33	1.83	13.66	26.83	13.13
2.56	7.32	91.93	0.39	0.5	13.38	26.52	12.38
2.28	0.76	96.23	0.25	0.82	9.7	17.94	8.24
2.61	6.58	92.38	0.78	0.95	13.01	26.64	11.8
2.68	46.98	52.39	0.17	1.87	15.57	26.95	13.05
2.37	12.36	79.09	5.95	9.66	8.19	21.09	8.71
3.18	2.48	79.64	1.43	15.2	25.53	43.03	28.52
2.54	13.06	84.55	0.11	3.24	15.65	26.46	14.14
3.11	18.53	78.72	1.5	2.89	23.11	39.34	26.05
3.88	0.07	78.36	0.09	90.8	20.79	32.24	16.43
2.59	0.48	98.6	0.58	0.99	11.08	21.29	10.55
2.43	0.7	92.75	5.04	5	10.95	22.84	10.17
2.41	3.17	92.93	3.66	1.01	11.22	23.46	11.43
2.47	9.68	87.35	0.27	2.18	13.16	24.08	11.17
2.8	9.44	72.66	3.57	20.51	14.31	28.34	13.09
2.27	9.84	85.65	1.14	2.06	8.66	24.32	9.53
2.4	20.65	75.51	2.3	3.15	17.82	35.77	22.08
3.01	58.46	28.62	1.19	26.07	16.79	31.88	16.08
2.7	89.95	7.21	0.63	4.05	14.22	28.16	13.66
2.64	2.72	87.44	1.76	12	15.36	29.27	14.82
2.61	72.13	26.56	0.75	1.23	12.75	27.11	13.68
2.85	12.02	72.97	0.75	23.15	16.11	29.89	14.6
2.43	1.25	93.43	3.46	2.71	17.3	31.76	19.04
2.73	14.83	69.93	5.94	15.54	18.71	34.52	20.6
2.47	23.62	75.32	0.41	0.84	13.36	25.2	11.67
2.59	6.09	88.43	4.7	2.83	10.61	21.71	9.93
2.53	0.31	99.05	0.4	1.2	11.4	23.92	10.96
3.27	7.11	89.91	2.51	0.91	36.25	54.92	43.89
2.99	2.04	79.17	13.69	13.52	14.79	28.06	13.95
2.87	0.72	93.79	1.59	2.05	15.61	26.01	11.09
2.49	2.88	90.55	5.66	3.04	12.32	31.49	13.86
2.81	12.53	82.32	4.35	1.57	30.34	51.27	37.75
2.4	0.43	98.9	0.37	0.38	12.47	23.09	11.23
2.67	14.46	84.34	0.93	1.1	14.45	26.9	12.13
2.34	3.83	89.2	4.39	3.85	13.11	33.75	16.02
2.45	9.43	89.93	0.24	0.81	12.77	24.34	12
2.78	0.88	96.53	0.77	4.08	16.57	29.28	16.68
3.29	0.1	98.24	0.95	1.6	18.53	28.77	13.84
2.53	0.21	98.43	0.48	0.71	12.99	25.39	11.61
2.37	1.34	95.19	3.03	1.65	9.07	24.76	10.69
2.31	2.88	84.9	10.44	4.99	10.27	23.58	10.36
2.92	0.38	98.17	1.13	1.81	14.48	22.83	11.08
2.56	7.89	90.07	0.81	3.59	11.17	22.59	10.65
3.13	1.08	92.19	1.18	10.8	17.12	27.74	12.78
2.62	0.63	94.77	3.71	2.71	11.33	24.17	10.99
2.41	10.6	87.82	0.96	1.4	11.77	28.45	12.75
2.57	2.48	94.74	1.96	1.06	12.51	27.14	13.29
2.77	0.37	98.81	0.42	0.78	14.01	27.96	12.06
4.37	0.49	65.84	5.22	84.57	19.55	36.85	19.42
2.45	1.33	93.1	0.7	7.04	24.03	39.51	27.56
4.34	1.15	30.38	1.76	88.92	19.01	36.96	19.06
2.6	0.77	97.83	0.99	1.29	13.21	24.15	10.63
2.27	6.01	70.7	19.56	8.11	9.56	23.73	10.12
2.82	18.26	78.71	1.79	2.69	16.96	28.21	17.49
2.53	0.37	99.22	0.3	0.36	11.91	23.09	10.78
3.18	1.39	81.23	8.24	25.86	16.12	28.36	15.09
2.58	9.31	88.42	1.17	2.31	11.32	24.35	11.22
2.94	1.18	96.83	1.33	2.73	12.14	24.45	12.27
2.94	0.51	95.7	3.47	1.73	11.64	21.71	10.56
2.78	0.26	99	0.37	0.84	13.45	24.46	11.2
2.45	23.68	73.28	0.56	6.41	11.78	25.06	11.17
2.79	1.35	91.52	6.78	1.27	13.95	24.43	11.69
2.83	0.83	91.59	6.48	4.11	13.81	21.1	9.95
2.51	48.72	50.57	0.46	0.66	14.56	24.55	11.96
2.53	1.27	96.3	2.17	0.87	12.15	23.61	11.16
2.6	2.35	97.3	0.19	0.49	13.02	22.72	11.14
2.75	1.62	90.33	6.9	4.65	11.94	22.13	10.39
2.55	0.43	96.08	2.64	4.68	11.38	24.45	11.7
2.51	5.6	88.73	3.71	6.28	12.34	36.91	18.58
2.84	0.97	97.11	1.29	2.48	12.09	24.14	11.51
2.55	2.09	84.17	4.77	41.18	11.37	26.02	11.7
2.72	38.02	58.99	1.4	2.95	15.74	30.25	15.46
2.76	0.26	83.84	15.04	2.76	10.92	19.86	10.15
2.63	0.17	94.76	1.6	6.75	15.07	25.75	12.27
2.59	0.92	97.06	1.59	0.81	11.95	24.28	10.68
2.53	4.35	92.11	0.58	1.68	11.71	24.59	11.59
2.36	0.64	98.72	0.27	0.65	12.9	26.47	12.87
2.45	1.16	98.17	0.28	1.05	13.57	28.97	14.19
2.44	19.32	80.12	0.26	0.44	13.97	26.67	13.37
2.53	2.51	95.78	1.2	1.82	9.88	23.03	9.43
2.7	2.39	91.74	5.56	1.24	12.53	20.08	10.27
2.59	2.42	95.08	1.77	2.01	11.26	24.23	11.85
2.75	41.65	55.77	0.38	2.79	16.51	27.3	14.47
2.59	3.42	93.05	1.74	41.85	17.11	28.9	18.54
2.35	6.3	92.55	0.74	0.78	11.76	26.93	12.96
2.46	2.26	94.83	1.96	2.01	12.19	28.41	12.87
2.73	30.08	58.09	5.75	14	17.26	39.65	21.23
2.7	3.48	91.95	4.07	1.09	37.83	53.22	44.28
2.49	9.42	89.8	0.51	0.5	14.88	26.9	13.95
2.65	3.01	95.4	1.06	1.17	13.02	27.64	13.11
2.54	8.69	88.92	1.78	2.02	12.6	24.4	12.81
2.94	2.72	93.82	1.69	6.08	15.77	25.37	11.34
3.04	1.06	47.96	32.45	36.29	13.77	28.64	14.2
2.48	1.9	88.68	5.11	9.42	23.32	47.67	34.93
2.49	2.64	92.83	2.49	4.62	13.75	28.84	13.12
3.17	0.66	97.42	1.28	0.84	12.93	28.27	10.24
2.48	0.19	98.55	0.9	0.63	12.87	26.19	12.07
3.87	5.03	92.79	0.94	1.56	49.3	67.67	59.96
2.64	3.42	94.14	0.58	6.68	12.8	23.62	10.68
2.58	19.9	76.64	0.59	4.12	14.56	27.09	13.16
2.92	39.05	56.74	2.61	2.91	18.84	38.6	23.62
2.52	63.27	35.96	0.56	0.39	13.93	27.56	13.43
2.57	46.2	53.46	0.16	0.46	15.66	25.39	12.12
2.93	5.54	84.65	1.07	18.74	14.93	30.4	12.71
2.71	26.6	58.54	2.32	26.5	14.06	29.69	14.3
2.66	0.22	99.04	0.45	0.38	13.68	26.69	12.5
2.82	6.17	90.75	2.5	1.07	12.85	26	12.45
2.77	0.11	83.58	15.57	3.24	11.43	18.34	9.74
2.72	5.68	91.57	1.89	1.82	13.09	29.08	12.58
2.47	0.56	97.03	1.94	0.91	13.1	28.19	13.42
2.74	0.28	99	0.42	0.49	19.22	30.63	18.04
2.55	9.19	89.93	0.63	0.93	11.3	27.15	11.18
2.43	0.03	96.36	0.5	4.9	12.47	22.36	10.31
2.6	24.27	72.26	0.14	5.28	13.39	23.8	11.39
2.27	14.91	80.51	0.88	15.71	10.04	23.5	10.99
2.87	1.21	96.68	1.47	2.55	13.3	23.35	10.97
2.69	22.54	75.77	0.67	1.76	13.81	27.35	13.08
2.69	6.39	89.78	0.56	5.89	14.34	27.95	13.49
2.99	2.58	81.9	14.72	2.66	13.83	23.64	10.55
2.49	2.24	77.75	2.33	31.46	11.83	28.99	14.97
3.29	79.99	15.08	0.27	6.49	18.68	31.61	16.21
2.44	36.62	62.66	0.49	0.52	13.17	23.77	12.14
2.45	1.17	98.04	0.23	0.6	14.06	25.74	11.81
3.35	1.55	78.88	6.63	22.02	12.66	26.08	10.6
2.2	5.46	93.04	0.88	1.11	12.6	28.02	13.54
2.37	55.99	43.04	0.61	0.75	13.34	27.23	13.67
3.19	2.42	96.42	0.95	0.7	17.76	25.22	11.56
3.34	7.17	90.34	1.12	4.49	15.07	26.62	13.39
2.64	5.73	87.64	5.58	4.42	10.33	22.36	10.39
2.53	1.32	91.07	6.28	2.46	12.89	28.06	12.42
2.94	4.44	91.87	2.88	2.81	20.35	33.74	22.09
2.25	3.1	87.43	8.38	2.92	10.45	28.82	13.43
2.78	0.39	97.37	0.45	0.75	12.28	22.69	11.38
2.62	42.35	56.71	0.77	0.59	15.3	28.46	14.83
4.58	0.53	38.18	1.29	87.53	20.41	36.99	18.83
2.69	27.22	65.22	0.79	9.64	15.25	27.47	13.94
2.61	6.44	86.37	5.34	5.43	13.28	27.07	12.28
2.57	0.17	98.58	0.62	0.9	13.03	27.38	12.05
2.51	0.83	94.67	3.37	1.86	12.64	24.29	11.44
2.43	5.93	93.13	0.74	0.69	10.59	19.79	8.65
3.08	0.95	78.23	17.73	8.11	16.68	29.12	15.57
2.57	17.99	81.05	0.51	0.92	12.07	26.55	11.28
2.33	8.56	90.13	0.58	1.16	12.63	24.74	11.78
2.74	29.48	68.08	0.6	3.41	15.09	26.32	13.42
2.32	0.23	98.62	1.03	0.48	11	21	9.89
2.75	24.78	73.19	0.91	2.56	18.19	30.41	17.19
3.31	1.2	68.17	4.01	47.27	16.13	29.6	13.79
2.63	7.75	88.71	0.38	8.78	12.52	26.39	12.31
2.27	3.74	93.09	1.47	7.68	9.52	20.56	9.51
2.73	27.1	69.88	0.35	3.52	13.96	29.43	14.59
2.75	0.32	85.47	1.22	20.57	16	28.52	14.58
2.1	1.31	77.21	20.33	5.56	7.06	19.08	7.18
2.63	3.38	94.56	1.22	1.16	12.83	22.96	10.74
2.72	1.81	93.64	1.64	5.84	14.05	28.28	13.04
3.22	1.64	92.31	3.18	7.15	13.17	28.71	10.22
2.48	0.23	99.28	0.27	0.95	11.02	23.6	11.06
2.49	16.75	80.45	1.01	2.7	14.06	28.56	13.77
2.94	0.41	97.09	0.57	0.74	13.43	26.77	10.73
3.1	5	82.24	8.51	10.26	22.42	32.35	21.82
2.27	0.91	97.25	1.04	1.96	10.63	22.91	11.14
2.67	0.66	95.8	1.48	4.24	14.32	28.56	12.99
2.95	16.99	79.42	2.3	2.3	15.64	34.53	16.69
2.43	1.68	96.72	1.23	1.06	10.5	24.43	11.32
2.65	6.19	90.92	2.41	1.48	14.8	24.91	11.35
3.01	3.12	91.69	0.96	2.12	14.59	26.45	10.55
2.82	34.48	62.68	0.28	3.25	16.05	27.9	13.69
2.52	18.21	80.67	0.32	1.06	13.69	26.01	12.77
2.74	0.21	98.37	0.7	2.33	14.15	23.31	11.73
2.32	0.85	91.74	5.1	9.76	8.79	20.17	8.56
2.87	18.08	77.42	1.69	10.05	15.36	29.06	13.59
2.4	1.26	92.53	3.85	4.83	21.85	41.56	27.91
2.6	1.88	92.57	1.97	41.82	11.12	22.18	10.04
3.01	0.66	97.65	1.47	0.49	23.23	34.17	23.29
3.48	0.11	47.7	2.48	72.86	17.14	30.54	15.13
2.64	21.19	76.52	1.39	2	15.16	27.96	13.49
2.76	0.4	97.14	0.52	6.38	15.46	27.15	12.78
2.43	1.4	89.31	6.98	6.65	10.27	24.1	10.07
2.88	35.62	57.31	3.28	6.86	16.54	38.55	18.73
2.7	1.09	80.63	4.31	2.8	12.55	24.66	10.53
2.46	1.66	97.51	0.57	0.52	12.56	24.29	11.99
3.26	4.49	59.96	2.5	65.26	17.31	29.41	13.77
2.44	0.15	99.3	0.4	0.39	12.48	23.43	10.63
2.86	8.87	79.67	4.47	11.63	14.48	28.71	12.75
2.56	0.55	98.08	0.82	1.15	13.04	26.68	12.3
2.79	4.39	93.38	1.78	1.57	12.3	24.9	11.94
2.28	19.81	79.09	0.61	0.87	12.07	23.63	11.89
2.55	9.67	89.87	0.16	0.4	13.77	26.79	12.42
2.88	10.44	77.79	1.03	17.68	14.8	27.74	12.5
2.79	0.52	96.96	2.27	0.89	14.01	22.8	10.53
2.82	5.21	76.28	13.63	13.54	12.25	25.31	11.47
2.51	0.24	98.19	0.4	2.11	12.52	25.41	11.59
2.96	1.57	97.58	0.42	1.04	13.85	25.13	12.65
2.44	0.25	98.87	0.49	0.74	12.8	27.18	12.52
2.34	6.75	92.52	0.46	0.54	17.19	28.54	17.51
2.56	3.67	86.07	6.01	10.06	11.4	27	12.31
2.73	9.36	89.71	0.6	0.36	19.6	32.97	19.08
2.58	38.12	59.3	0.3	3.99	14.16	24.97	12.41
2.47	3.12	89.61	1.17	11.82	13.58	26.2	12.17
2.81	2.3	94.57	2.54	1.67	12.02	23.56	10.56
2.48	2.58	97.02	0.25	0.36	15.34	26.25	13.02
2.41	0.05	99.11	0.61	0.28	13.55	24.23	10.99
2.55	1.99	96.35	0.64	2.58	12.2	26.05	12.38
2.54	14.77	84.4	0.54	0.84	11.74	23.92	11.05
2.36	16.16	80.24	2.18	3.2	11.97	33.32	14.65
2.67	38.03	56.42	2.63	11.44	12.02	26.19	12.49
2.53	8.43	90.66	0.28	1.05	12.72	25.83	12.35
2.29	13.02	78.44	4.27	2.14	12.32	30.92	15.25
2.92	0.47	95.33	1.1	2.76	25.98	39.82	28.7
2.62	0.5	97.77	1.44	1.18	10.52	18.06	7.43
2.52	16.35	79.86	3.36	0.93	38	59.94	49.19
2.72	55.07	36.34	1.83	10.54	13.27	29.09	13.36
2.54	20.6	78.55	0.38	0.74	12.96	25.42	11.87
2.43	16.05	83.05	0.38	0.93	12.05	25.4	12.44
2.67	1	96.8	1.49	1.23	26.33	45.34	32.37
3.01	7.85	70.52	5.42	26.83	12.41	27.18	11.59
2.75	23.5	32.16	33.23	23.08	12.44	27.8	13.22
2.75	2.01	87.1	8.99	5.85	14.1	26.5	12.01
2.87	55.55	43.31	0.85	0.77	19.49	32.19	18.54
2.54	2.87	95.01	1.76	0.75	23.78	40.9	28.8
2.62	33.28	64.82	1.01	2.36	14.37	25.07	11.91
3.14	6.39	75.68	4.4	22.01	12.63	28.1	11.26
3.81	1.05	42.04	1.37	86.08	17.69	35.61	18.2
2.82	36.93	54.72	0.81	9.66	14.41	28.1	13.39
2.89	1.7	96.67	1.15	1.02	11.27	23.45	10.14
2.75	7.89	74.72	6.09	22.57	12.55	28.56	13.63
2.81	56.66	42.52	0.51	0.7	16.65	27.06	12.27
2.52	3.41	82.62	0.77	1.96	16.37	28.47	16.04
2.99	2.55	86.25	4.62	24.27	12.99	27.63	11.65
2.42	48.23	49.09	2.2	1.11	13	26.62	13.12
3.19	4.66	94.22	0.77	0.67	50.8	70.51	63.62
2.89	6.4	64.98	1.93	41.64	15.33	30.15	14.27
2.75	11.11	82.17	1.42	13.32	13.36	28.07	13.51
2.47	4.61	86.47	5.12	7.86	11.98	31.87	13.22
2.73	9.39	67.12	11.79	20.67	15.18	32.67	17.07
2.7	7.88	91.09	0.32	1.01	17.14	29.09	16.32
2.77	0.9	98.61	0.34	0.36	16.7	25.53	14.13
2.69	16.95	80.88	0.94	1.53	15.86	30.25	14.99
2.86	7.04	72.24	1.14	55.59	15.89	30.35	14.98
2.72	39.07	45.39	3.74	19.61	14.32	29.66	14.38
2.5	0.49	97.62	0.73	1.21	12.81	24.39	11.33
2.87	0.46	98.31	0.55	1.48	15.39	29.53	13.51
2.48	1.79	89.37	3.36	9.47	12.69	24.79	12.06
3.09	1.85	76.18	8.19	24.66	16.43	31.71	16.67
2.95	0.39	96.87	2.44	0.74	13.16	20.09	9.87
2.59	0.85	95.76	0.55	3.43	12.94	25.51	12.27
2.67	31.19	64.23	0.59	10.18	13.99	23.94	11.04
2.8	33.57	38.01	0.23	47.79	16.81	28.88	13.91
2.54	35.89	62.97	0.45	1.12	14.57	26.11	12.43
3.1	2.54	70.89	14.45	24.54	13.83	29.64	14.3
2.66	0.22	98.39	0.85	1.02	14.6	29.13	13.96
2.1	5.87	93.39	0.36	1.59	5.87	10.71	5.42
2.45	0.37	97.96	1.37	0.66	14.86	25.9	13.61
3.52	0.09	56.64	0.32	95.29	19.55	30.11	14.99
2.38	55.22	43.35	0.88	0.93	13.35	29.11	15.34
2.65	9.38	86.51	3.35	4.48	12.05	23.08	11.96
2.9	1.63	94.57	3.08	1.72	12.44	24.38	9.78
2.56	3.34	94.66	0.98	1.88	13.16	30	13.99
2.61	4.87	92.81	0.8	3.73	12.29	22.21	10.48
2.63	0.3	97.43	0.99	3.24	13.5	24.7	11.62
2.53	2.68	94.71	2.08	0.97	10.3	21.26	9.55
2.8	0.7	97.24	1.88	1	10.4	17.59	8.13
3.17	8.94	61.47	11.68	34.61	13.81	25.74	12.2
2.72	2.51	90.8	1.85	9.22	24.18	40.4	26.74
2.3	17.94	80.92	0.73	0.6	12.43	28.32	14.53
3.03	1.08	89.25	9.32	1.86	12.59	21.76	11.25
2.89	2.01	95.99	1.73	1.15	13.98	27.62	12.6
3.89	0.08	98.09	0.45	2.45	20.33	29.74	13.1
2.51	0.63	97.12	0.93	3.7	13.03	20.15	9.21
2.52	20.33	74.98	2.17	2.89	17.47	33.6	19.56
2.62	0.91	74.44	23.01	4.93	11.13	23.16	10.24
2.87	1.18	82.52	4.37	20.97	14.5	28.71	13.76
3.1	20.6	45.32	7.05	50.01	15.22	30.48	15.53
2.57	0.13	98.47	0.66	1.22	12.7	24.24	10.41
2.65	2.36	84.03	8.68	11.46	12.92	27.42	12.7
2.72	38.89	39.98	1.45	31.59	17.16	34.04	18.02
2.42	1.15	97.12	1.45	1	10.65	21.93	10.04
2.54	15.61	83.75	0.43	0.54	17.67	29.15	16.18
2.49	11.43	82.41	3.77	6.65	12.94	28.19	12.27
3.08	3.9	93.06	1.89	2.76	15.46	25.18	13.84
2.19	0.44	98.04	1.27	0.78	9.11	21.75	8.36
2.87	1.68	96.21	1.28	1.81	12.25	24.44	9.91
2.04	0.26	98.91	0.51	2.28	7.71	15.43	7.37
2.77	5.91	87.33	2.25	8.92	16.94	31.06	18.44
2.52	0.19	99.04	0.65	0.61	10.97	18.84	8.28
2.58	30.12	69.31	0.21	0.35	14.61	24.95	11.49
2.81	10.04	88.82	0.65	0.54	24.56	40.34	27.54
2.75	0.36	96.46	1.4	1.39	14.1	28.76	13.47
2.52	12.97	79.55	0.72	13.38	12.46	27.7	12.94
2.55	6.59	89.35	3.51	3.09	10.42	24.17	10.8
2.98	1.38	96.8	0.81	2.13	14.63	25.18	12.21
2.82	0.74	98.12	0.79	1.2	13.54	24.64	12.44
2.56	30.86	68.03	0.64	0.86	12.26	23.43	10.72
2.74	6.71	92.23	0.18	0.49	14.76	26.24	12.71
2.75	0.57	98.37	0.85	1.05	13.27	22.82	11.21
2.69	0.75	93.6	2.64	7	13.1	24.39	10.73
2.5	0.34	96.13	1.28	3.01	13.87	27.03	13.33
2.83	0.34	98.58	0.91	0.61	13.62	23.89	11.09
2.7	8.44	86.65	0.6	7.59	14.61	27.19	13.33
2.53	11.38	78.14	6.91	3.78	13.46	27.65	13.44
3.02	1.02	97.75	0.95	1.18	14.51	24.52	12.3
2.59	7.95	90.77	0.82	0.53	18.3	33.13	19.49
2.35	38.54	58.59	1.49	6.79	10.51	23.96	10.85
2.71	0.46	96.45	2.7	0.71	13.86	23.76	11.41
2.47	1.1	95.81	0.76	0.78	15.63	29.41	15.2
2.53	14.59	84.78	0.41	0.42	13.55	22.92	10.73
2.44	1.34	96.33	1.56	1.93	11.75	27.99	12.43
2.56	11.95	81.1	3.83	8.09	10.46	27.85	12.56
2.63	0.35	96.04	0.26	6.87	16.07	27.68	14.94
2.22	1.21	93.83	1.53	7.99	10.54	26.19	11.36
2.79	5.56	79.49	13.72	4.33	11.41	26.53	11.97
2.28	3.51	94.86	0.92	2.02	10.89	25.45	13.4
3.22	0.79	88.23	10.48	3.65	12.24	22.82	11.81
3.02	1.28	95.51	2.9	0.95	13.71	21.58	11.12
2.66	0.3	94.87	0.71	6.77	12.97	24.03	10.43
2.71	1.9	96.09	1.34	1.38	16.78	31.64	18.19
2.56	0.55	97.94	0.56	0.63	16.09	29.7	15.66
2.92	0.24	97.58	1.66	0.66	11.14	25.01	8.95
3.39	14.26	59.55	17.05	16.07	15.47	28.47	11.88
2.42	1.04	97.08	1.18	1.78	10.96	25.88	12.68
2.54	5.71	92.18	1.57	1.13	18.9	33.27	21.85
2.71	6.88	88.67	3.66	2.19	13.72	28.9	12.69
2.78	9.83	61.8	15.55	23.92	13	28.98	13.67
2.93	1.12	96.92	1.41	0.75	26.12	39.76	29.32
3.06	6.33	87.83	4.01	4.42	12.87	24.68	11.73
2.4	1.68	90.12	4.6	8.38	9.64	28.4	10.71
2.35	0.16	99.34	0.28	0.64	12.11	22.6	12.06
2.07	1.54	95.23	2.26	1.16	9.46	33.92	14.96
2.69	3.94	93.77	1.15	7.53	11.77	25.31	12.33
3.43	3.62	90.11	5.84	2.12	15.61	23.54	11.83
2.43	31.47	65.38	1.52	3.77	11.97	27.31	12.99
2.75	39.57	57.92	0.21	8.29	13.77	25.7	11.79
3.27	0.31	59.28	1.03	58.87	15.72	30.19	14.85
2.29	6.55	83.45	7.74	2.96	11.44	29.47	13.1
2.67	0.9	97.62	1.06	1.04	12.6	22.9	10.72
2.68	52.11	47.03	0.48	0.7	17.21	29.5	17.3
2.79	3.07	91.37	3.55	5.6	17.73	36.43	21.69
2.8	0.91	97.97	0.68	1.32	13.69	24.95	12.5
2.7	10.14	69.66	4.53	28.46	12.7	28.61	13.22
2.26	22.64	76.02	0.56	2.51	10.24	20.5	10.01
2.57	66.34	31.63	0.72	1.9	13.79	27.8	13.68
2.64	41.26	54.97	1.67	4.3	14.36	26.61	13.08
3.81	0.08	98.44	0.78	1.39	20.27	28.35	12.17
2.48	8.39	86.8	2.22	5.96	11.29	26.95	12.57
2.55	0.15	99.63	0.11	0.47	12.15	26	11.78
2.8	17.32	76.3	5.13	3.47	9.53	24.59	8.6
2.48	4.81	93.57	0.39	0.46	13.58	25.18	11.79
2.73	23.57	69.35	0.39	9.17	14.87	26.23	12.43
2.65	0.99	98.06	0.62	0.48	13.57	26.76	11.61
3.06	1.31	81.35	2.64	28.44	14.92	27.26	11.75
2.57	5.17	80.38	6.72	10.93	13.53	27.43	13.09
2.73	0.35	98.04	1.02	1.12	12.92	26.25	12.05
2.6	0.5	98.67	0.49	0.35	12.74	23.8	10.71
2.61	30.45	63.37	1.88	6.27	14.66	29.77	14.74
2.66	9.34	83.6	2.35	14.49	14.73	32.48	15.71
2.5	2.2	95.06	1.65	0.59	12.33	23.34	10.78
2.71	1.46	79.22	0.23	38.91	14.11	24.37	11
2.29	0.64	93.48	4.4	5.13	8.1	24.76	9.84
1.96	2.31	95.96	0.89	5.44	5.29	14.64	6.73
2.75	3.37	94.39	0.3	2.37	14.39	25.59	11.45
2.98	0.99	97.65	1.04	0.97	14.36	27.04	11.88
2.82	7.2	90.06	1.41	8.23	9.6	20.02	6.9
2.59	12.6	86.59	0.42	0.69	13.34	25.4	13.06
2.53	1.03	94.21	4.14	1.16	11.93	27.37	12.03
3.01	4.7	90.47	4.24	3.46	14.56	27.32	13.55
2.5	0.22	98.46	0.93	0.92	11.48	25.18	11.03
2.45	0.04	99.19	0.23	0.41	12.77	24.08	11.09
2.88	3.79	70.6	19.42	13.32	12.66	27.74	12.06
2.59	5.51	89.78	3.84	1.56	11.9	28.41	11.57
3.5	2.31	94.57	1.48	1.61	42.76	62.28	53.56
2.51	1.35	90.5	3.32	15.5	10.76	27.33	12.48
2.74	6.18	84.05	8.85	3.69	10.69	25.06	10.15
2.88	49.27	42.17	0.66	14.13	13.92	28.69	14
2.16	4.51	83.15	3.34	18.68	8.95	19.86	9.63
2.53	8.37	88.59	0.87	3.85	14.1	25.62	13.17
3.03	1.48	89.52	3.46	17.76	14.82	27.77	12.63
2.73	0.28	98.83	0.54	0.6	11.75	23.65	10.87
2.47	0.07	92.22	0.38	0.41	13.21	23.78	10.94
3.06	0.58	93.94	1.45	0.99	35.63	54.39	43.25
2.67	75.02	24.75	0.12	0.18	14.4	24.45	11.92
2.8	0.14	99.08	0.45	0.64	15.12	25.78	13.76
3.33	9.43	61.63	6.79	38.16	15.59	30.74	15.05
2.43	0.42	98.64	0.7	0.41	12.33	26.28	12.32
3.53	0.21	75.43	0.87	59.3	16.91	29.82	14.65
2.64	0.24	97.49	0.87	1.43	14.09	26.45	12.36
2.4	1.39	96.01	1.12	2.96	11.57	25.44	11.91
2.43	65.84	29.6	1.85	5.39	13.54	29.83	15.69
2.91	2.61	85.42	4.83	15.63	13.91	27.25	12.17
2.55	0.11	96.67	0.44	0.66	13.98	26.81	12.39
2.95	4.18	93.8	1.39	1.45	12.78	21.89	10.86
2.69	0.8	98.24	0.73	0.48	13.36	25.7	12
2.59	24.49	73.68	0.87	1.49	15.1	28.26	13.84
3.85	0.28	94.01	1.92	6.49	18.98	30.52	12.43
2.63	20.21	75.39	2.39	7.55	11.39	24.54	11.1
2.27	26.41	68.87	1.78	5.86	9.19	22.64	9.71
2.81	5.88	90.35	3.1	2.03	12.08	22.54	11.74
2.41	3.58	78.57	13.31	15.48	10.15	24.24	10.96
2.95	0.18	98.8	0.44	1.18	15.15	25.55	12.34
2.46	44.33	54.5	0.68	0.8	13.98	24.9	11.84
2.57	2.25	93.08	1.63	8.29	12.1	27.99	12.77
2.55	12.49	86.65	0.3	0.84	13.89	25.71	12.6
2.83	2.21	91.69	5.95	1.9	11.31	19.12	8.98
2.35	1.3	96.06	2.23	1.97	8.29	29.53	12.09
2.8	18.26	73.47	2.73	11.34	12.7	27.85	12.91
2.58	3.01	79.75	13.16	7.41	25.63	47.53	34.09
2.84	0.41	97.15	2.04	1.87	11.49	19.99	9.83
2.74	30.68	68.8	0.31	0.42	15.06	25.87	12.34
4.38	23.65	23.96	2.22	70.33	19.35	35.77	18
2.36	18.77	62.14	14.78	8.36	18.67	36.55	23.96
2.43	44.23	54.82	0.39	0.92	12.79	24.87	12.22
2.53	67.07	31.05	0.89	1.91	14.88	30.26	15.75
3.04	0.33	97.15	1.37	1.02	14.76	30.07	12.61
3.11	1.59	90.32	1.71	11.59	15.44	30.53	12.98
2.8	21.1	74.35	2.67	3.66	12.21	27.21	13.02
2.58	4.07	87.55	0.4	6.66	13.62	27.07	13.19
2.9	5.74	92.63	1.04	0.94	12.64	20.02	9.39
3.31	7.3	64.62	3.89	41.7	15.86	31.88	15.35
2.87	2.56	85.18	2.38	17.28	13.1	29.46	11.91
2.44	2.24	93.83	1.66	9.05	10.44	26.67	11.97
2.51	4.44	88.35	0.53	8.94	12.95	23.16	10.34
2.46	4.18	89.39	5.22	2.63	10.98	28.76	13.19
2.24	8.97	89.13	1.03	2.92	10.59	21.32	10.25
2.72	29.47	69.3	0.64	1.54	25.94	43.29	31.05
2.44	3.33	88.58	1.12	1.76	12.56	21.85	10.15
2.82	10.18	87.91	1.11	1.94	13	27.12	12.68
1.94	3.27	95.79	0.48	1.97	6.43	10.55	4.93
3.2	0.58	97.57	0.8	3.91	15.1	24.31	10.92
2.89	0.4	96.3	2.86	1.12	15.72	28.58	14.45
2.58	0.46	97.98	0.75	3.17	10.74	21.22	9.6
2.9	0.53	98.59	0.75	0.3	12.83	21.98	9.61
2.63	1.51	91.18	2.39	6.11	13.25	26.88	13.29
2.34	0.21	98.63	0.67	1.01	11.5	22.54	11.15
2.48	24.51	73.76	1.21	0.72	14.58	28.52	14.77
2.43	4.71	90.44	1.84	9.5	11.34	24.3	11.4
2.57	8.06	83.06	3.7	9.15	12.56	26.65	12.69
3	2.66	93.63	2.04	3.01	11.51	22.73	10.95
2.78	6.46	86.61	5.47	5.56	10.81	25.74	11.46
2.7	6.27	69.77	10.09	23.9	12.77	28.98	13.71
2.65	0.1	97.86	1.64	2.93	10.49	21.98	11.07
3.32	0.17	79.44	0.48	79.69	17.95	29.1	14.43
3.12	1.99	91.15	4.24	7.42	13.94	30.77	12.55
2.8	34.3	62.84	2.36	1.46	13.58	25.11	11.61
2.89	11.4	83.6	3.4	4.99	12.71	26.94	12.14
4.51	24.67	66.79	0.23	11.9	12.8	38.56	19.29
2.51	24.53	74.92	0.16	0.33	14.14	24.62	11.95
2.76	1.08	92.21	6.47	1.22	11.24	20.23	9.83
2.46	1.43	93	3.31	3.04	12.91	24.34	10.8
2.69	0.91	91.53	3.32	10.8	12.77	24.5	10.58
3.7	0.69	58.78	3.16	83.2	17.17	31.31	16.12
2.45	2.4	95.94	0.93	2.13	11.73	25.53	11.76
2.72	3.21	95.49	1.01	0.89	14.74	27.2	14.43
2.5	2.95	88.86	6.05	3.46	14.58	26.91	13.49
2.6	51.17	48.29	0.32	0.78	16.82	30.13	16.31
2.76	4.4	90.03	1.61	6.85	14.28	28.91	13.46
2.59	3.7	90.11	2.93	8.14	12.89	29.89	14.92
2.51	0.43	98.53	0.81	0.49	11.02	24.07	10.19
2.25	1.01	90.52	5.02	9.08	10.2	28.13	11.27
2.73	22.47	73.53	0.87	5.06	29.2	47.14	35.76
2.58	9.53	81.96	2.81	8.96	22.84	43.68	29.19
2.57	2.58	79.88	0.63	1.66	13.83	26.09	12.5
2.73	5.97	75.39	0.68	31.13	14.89	27.4	12.88
2.77	16.72	68.7	0.39	28.57	14.75	25.86	12.35
3.01	1.4	82.99	7.9	22.84	14.63	30.19	15.4
2.35	5.17	93.97	0.34	0.41	13.59	23.61	11.62
2.68	0.33	96.88	1.2	2.16	14.7	27.81	13.51
2.61	0.74	98.63	0.36	0.71	12.74	26.37	11.77
2.36	1.98	83.64	9.48	10.65	9.93	29.11	12.28
2.35	5.44	93.56	0.44	0.91	12.59	24.72	11.63
2.39	0.34	95.51	2.06	2.53	12.55	24.42	11.38
2.62	20.13	78.34	0.68	1.69	11.3	24.63	10.83
2.52	2.93	86.62	7.32	7.81	13.54	32.59	16.84
3.13	59.87	39.16	0.82	0.49	28.09	41.12	30.07
2.81	15.02	79.03	0.72	14.12	12.24	26.41	11.93
2.95	11.86	74.07	1.32	22.96	14.69	30.92	13.99
2.44	1.01	97.99	0.69	0.55	12.7	26.67	12.48
2.63	4.07	93.41	2.01	1.72	13.31	29.49	15.44
2.75	3.53	95.57	0.7	0.73	18.01	26.41	15.68
3.2	4.63	57.62	1.62	53.82	16.89	29.65	14.65
2.43	0.14	98.65	0.29	0.44	13.89	23.12	11.23
3.07	1.34	97.1	1.04	1.22	19.05	31.62	17.7
2.6	0.98	95.69	2.24	1.04	13.62	29.83	14.65
2.64	0.24	98.98	0.64	0.33	12.53	24.13	10.92
3.01	5.87	78.59	5.44	20.02	15.06	28.75	12.87
2.9	0.7	97.58	0.81	1.93	16.21	28.2	13.27
2.45	9.01	90.36	0.31	0.43	14.41	27.55	14.17
2.95	3.27	86.84	0.78	13.39	19.43	31.86	18.85
2.52	0.55	97.55	0.94	2.78	11.76	24.19	11.17
2.45	0.47	99.01	0.34	0.5	12.7	23.62	10.89
2.68	0.17	98.32	0.84	1.07	14.38	26.43	12.83
2.67	1.32	97.73	0.75	0.52	13.36	23.28	11.77
2.71	53.49	45.97	0.16	0.7	16.04	27.4	12.66
2.62	24.35	72.75	1.92	2.58	13.82	28.77	13.88
2.63	1.01	97.15	1.52	0.87	12.09	22.19	10
2.74	0.1	99.05	0.51	1.16	14.18	27.12	12.71
3.05	0.57	97.48	0.67	2.86	13.63	23.66	10.17
2.97	5.64	59.89	2.47	40.81	16.57	30.16	15.05
3.18	7.7	39.45	43.84	22.35	13.75	28.49	14.07
2.68	3.43	89.45	2.57	9.61	15.66	30.45	16.59
3.24	1.39	64.47	3.34	61.28	16.41	29.56	14.35
2.89	0.78	96.87	2	1.35	16.94	27.4	15.95
2.66	13.28	86.41	0.2	0.21	13.73	24.36	11.8
2.88	3	83.04	7.18	18.37	14.75	25.22	12.82
2.62	24.37	75.19	0.27	0.51	13.85	26.79	12.33
2.6	3.34	90.96	0.35	4.17	14.41	25.02	11.09
2.88	5.82	84.31	4.03	14.51	12.69	26.18	12.71
2.82	5.39	67.49	0.16	45.71	15.38	25.45	11.08
2.8	12.88	75.89	0.52	16.91	16.99	32.09	16.57
2.54	3.88	94.36	0.28	2.26	12.74	26.88	12.67
2.52	0.46	99.03	0.34	0.48	12.61	23.11	10.85
3.19	0.44	97.88	1.47	0.67	16.8	26.82	13.38
2.96	92.19	7.26	0.05	0.95	20.49	32.03	16.12
2.7	34.46	64.94	0.32	0.56	15.79	26.93	12.78
2.56	6.81	90.05	0.59	3.49	14.58	28.1	13.68
2.53	1.18	89.76	3.17	13.78	11.12	24.15	11.03
2.59	0.38	90.3	2.09	15.24	12.51	24.69	11.81
2.49	10.65	83.43	1.02	6.53	14.88	29.54	15.55
2.67	15.67	81.81	1.16	1.94	15.47	28.01	14.39
2.35	11.65	87.43	0.57	0.56	13.77	26.81	13.72
2.49	5.28	91.32	1.07	3.11	12.12	27.53	12.66
3.18	5.66	63.66	24.89	17.02	15.41	27.27	13.07
3.05	0.17	96.99	0.42	5.07	15.92	27.36	10.81
2.77	29.69	48.25	11.36	24.24	13.95	30.31	14.41
2.52	1	97.13	1.07	0.98	12.97	23.45	11.1
2.49	3.14	95.48	1.06	0.53	13.88	24.42	13.06
2.41	13.43	85.03	0.92	2.5	14.18	24.49	14.31
2.76	13.4	74.46	0.91	17.42	15.61	30.87	15.62
2.52	0.21	94.41	3.88	2.52	12.53	25.65	11.6
2.65	18.45	76.37	0.54	8.13	13.53	26.95	12.08
2.72	19.15	68.56	1.04	16.9	15.45	30.02	15.38
2.55	1.05	92.6	3.27	3.96	13.12	25.05	11.86
2.54	17.13	72.81	0.92	13.71	12.89	25.97	12.27
2.94	3.11	91.15	5.35	0.77	13.52	23.22	11.04
2.51	0.3	98.16	0.57	0.5	14.14	25.06	12.73
3.19	2.52	96.09	1.05	1.14	17.64	28.02	17.04
2.78	0.5	98.15	1.04	0.7	13.08	26.11	12.89
2.5	92.8	6.39	0.27	0.68	15.91	27.84	14.66
2.66	0.61	92.02	4.7	6.61	11.6	24.02	11.08
2.75	4.8	94.68	0.23	0.4	14.9	29.85	13.23
2.25	28.11	69.61	0.87	7.15	9.95	23.03	10.44
2.84	17.65	80.52	1.19	1.78	31.97	47.45	36.89
2.77	1.96	95.53	2.33	0.89	10.63	17.83	8.49
2.54	21.21	73.17	2.24	9.71	11.35	27.97	11.49
2.76	19.74	73.88	4.13	3.94	16.68	33.84	17.09
2.82	1.23	97.26	1.31	0.8	13.13	20.61	10.56
2.76	3.69	88.51	1.43	17.73	13.93	26.76	12.33
2.77	1.64	90.68	2.03	14.58	14.93	28.27	13.66
2.53	1.96	88.49	7.57	2.99	13.09	29.59	13.96
3.02	0.64	98.23	0.63	1.49	16.23	27.24	13
2.9	4.14	88.48	4.01	6.23	14.53	27.09	11.57
2.33	1.51	92.76	4.35	2.36	11.4	28.69	12.9
2.46	2.84	93.48	1.89	3.39	12.73	23.68	11.55
2.52	29.58	66.8	1.78	23.76	11.35	25.05	11.92
2.67	2.25	88.1	1.31	10.2	15.81	27.98	15.6
2.62	1.14	90.19	6.43	6.42	11.6	26.85	12.6
3.15	9.34	82.13	0.78	13.43	16.3	31.69	14.82
2.33	4.43	94.82	0.58	0.34	12.17	22.35	11.19
2.83	17.23	79.02	2.38	3.43	12.09	23.81	10.98
2.85	0.72	98.29	0.54	0.66	13.78	25.83	12.56
2.67	28.49	68.81	0.92	4.9	13.96	28.98	14.07
2.97	7.85	63.76	0.38	44.2	15.64	28.64	13.92
2.89	1.6	86.34	6.35	12.09	12.46	23.03	10.7
2.58	1.82	89.47	4	8.69	24.81	48.68	34.62
3.15	0.37	98.68	0.59	2.18	14.15	25.13	10.33
2.6	49.59	49.62	0.39	0.54	14.54	26.53	12.47
2.83	26.32	73.22	0.12	0.78	14.98	25.7	11.62
2.47	18.93	79.72	0.26	2.27	13.37	26.24	12.43
2.34	4.89	91.94	2.05	1.83	13.73	28.54	15.8
2.33	2.5	97	0.32	0.25	11.89	21.59	10.29
3.07	0.86	95.09	3.41	3.74	14.29	25.46	12.86
2.56	16.27	77.07	1.74	2.67	14.63	28.65	13.56
2.6	39.97	59.43	0.3	0.61	14.7	26.81	13.54
2.45	7.45	92.17	0.22	0.36	11.36	21.79	10.51
2.24	8.95	90.29	0.18	1.4	12.44	22.46	11.34
2.5	7.05	87.15	0.74	6.45	13.45	24.08	11.99
2.41	0.4	95.31	1.41	1.63	12.71	22.59	10.6
2.84	2.68	80.56	7.89	16.34	14.15	27.02	12.28
2.35	14.88	84.64	0.32	0.51	11.03	22.38	10.41
2.65	0.14	99.53	0.27	0.26	10.95	20.52	9.77
2.45	29.05	61.48	2.35	21.41	13.26	28.27	13.17
2.45	7.65	88.71	2	1.64	13.52	25.6	12.53
2.79	0.42	83.69	15.02	3.35	12.18	19.3	9.92
2.57	0.16	98.49	0.71	1.1	11.19	24.58	10.04
2.3	1.39	95.12	1.48	5.27	9.53	23.37	10.74
3.16	8.91	78.84	3.81	15.9	12.96	29.21	12.85
3.02	2.45	89.88	6.89	1.56	31.04	54.33	42.28
2.29	1.32	88.01	3.45	9.69	13.07	31.21	15.39
2.76	0.55	98.01	0.85	1.55	12.91	20.95	10.11
2.75	0.55	98.37	0.76	0.91	12.55	24.82	12.43
2.09	21.89	69.07	4.17	9.69	8.3	30.47	12.81
2.52	19.44	79.4	0.7	1.02	12.36	26.78	12.67
2.55	12.26	85.3	1.4	2.43	11.73	30.19	13.04
3.08	5.38	90.53	1.4	5.97	12.2	26.12	9.04
2.56	1.76	92.73	4.7	3.27	10.96	23.42	11.06
2.55	0.34	94.54	1.1	3.49	15.29	28.15	13.87
3.84	0.16	80.6	0.15	88.19	19.7	31.81	15.94
2.3	8.52	88.25	1.32	11.86	10.21	21.42	9.94
2.41	25.78	72.13	1.61	0.94	14.56	28.47	16.03
2.45	1.14	97.54	0.78	1.65	10.2	20.19	9.78
2.66	0.91	97.86	0.96	0.77	14.34	28.45	13.15
2.35	0.51	99.02	0.3	0.42	9.95	20.47	9.91
2.47	1.4	92.76	3.5	6.8	10.56	23.01	10.97
2.87	1.85	96.6	0.62	1.22	14.01	26.39	12.22
2.6	0.98	93.3	2.39	7.06	20.89	38.17	24.27
2.56	0.23	98.28	1.05	1.01	11.49	22.99	10.91
3.77	0.62	35.44	34.33	49.66	17.19	31.91	15.97
2.37	0.5	95.98	2.09	2.35	19	30.06	19.08
2.75	20.39	76.19	1.86	13.52	14.24	23.45	13.29
2.18	12.86	83.17	1.7	11.94	9.5	27.81	12.36
2.44	2.15	97.31	0.16	0.57	14.18	26.25	12.61
2.94	6.71	64.19	0.59	41.86	16.17	29.12	14.57
2.55	0.13	98.7	0.77	0.62	13.16	25.3	11.91
2.98	0.67	98.04	1	0.65	15.88	29.14	15.12
2.14	52.54	46.2	0.58	0.62	10.67	24.32	10.9
3.2	2.78	96.27	0.26	72.66	16.31	27.75	12.84
2.5	16.54	80.74	1.25	1.83	13.38	25.38	11.79
3.48	4.59	85.69	4.03	8.29	20.46	34.68	18.33
2.25	28.48	69.97	0.57	5.36	8.76	21.07	9.39
2.93	0.17	98.67	0.69	0.92	13.05	24.37	10.54
3.08	0.23	97.86	1.65	0.99	14.11	23.77	11.67
2.46	88.99	9.51	0.91	0.53	14.7	26.17	12.34
2.76	1.83	84.86	0.5	21.76	15.97	30.41	15.16
2.44	1.66	91.73	3.91	2.82	12.22	28.51	13.27
2.41	1	89.44	7.66	3.3	11.92	28.05	12.26
2.53	5.76	93.12	0.75	0.35	16.4	29.09	16.4
2.99	10.98	88.46	0.33	0.54	13.87	27.21	11.67
2.65	0	99.43	0.15	0.51	15.06	27.84	13.57
2.68	0.54	97.23	1.53	2.98	11.51	24.41	10.92
2.58	5.99	82.71	1.88	14.74	13.91	26.6	12.44
2.37	1.42	95.82	1.01	3.87	9.8	21.82	9.79
2.99	8.72	58.22	4.27	49.74	14.95	33.07	15.3
2.97	1.57	96.52	1.52	1.23	12.69	24.19	11.32
2.56	15.89	83.31	0.42	0.95	12.55	24.93	10.58
2.91	1.48	97.11	0.83	1.15	14.83	28.26	12.47
2.93	1.42	95.27	3.02	1.09	12.98	21.21	10.08
3.21	1.5	67.32	20.51	23.47	14.27	30.28	14.73
2.88	1.6	92.63	5.07	2.53	12.3	24.76	11.8
4.01	1.18	38.97	1.43	82.74	17.23	33.45	16.75
2.92	3.16	92.98	3.58	1.72	24.9	36.41	26.05
2.46	10.48	88.94	0.31	0.38	13.28	25.71	12.3
2.62	12.06	86.84	0.53	0.7	17.41	28.82	16.39
2.8	0.84	95.04	3.76	1.49	13.83	23.24	11.5
3.07	9.63	57.54	22.8	24.96	15.55	28.46	14.21
2.88	0.25	99.12	0.17	0.41	13.97	27.62	13.2
2.54	1.39	95.76	1.43	1.7	12.23	28.17	12.33
2.48	0.22	97.96	1.01	1.71	12.59	27.59	12.87
2.96	30.76	66.29	0.74	4.7	26.03	37.39	25.72
2.62	3.66	94.66	1.33	0.94	12.57	24.17	11.38
2.3	0.48	95.25	0.56	7.14	12.18	21.17	11.91
3.65	2.35	24.26	21.54	62.45	16.97	30.39	15.04
2.54	17.99	80.98	0.67	0.46	13.54	26.18	12.93
2.76	0.73	96.89	0.86	3.21	13.71	27.38	12.38
2.32	0.53	98.03	1.14	0.45	12.25	25.31	12.22
2.81	0.26	98.04	1.34	1.34	12.32	23.17	11
2.43	1.43	88.19	4.39	4.8	13.19	25.8	12.43
2.77	1.46	85.15	3.72	23.36	13.04	28.88	13.69
2.01	0.5	98.01	0.91	2.76	8.06	17.47	8.07
2.51	0.61	92.71	3.64	9.03	11.73	21.03	9.62
2.16	1.54	96.24	1.62	1.64	9.83	23.8	10.06
3.05	1.31	94.6	0.99	8.41	15.14	29.13	12.51
1.88	0.98	93.7	4.21	4.99	7.58	17.67	8.15
2.82	7.95	89.42	1.27	3.86	13.83	31.07	15.22
2.33	22.25	76.07	1.3	0.63	12.87	21.56	10.59
3.04	2.54	71.44	9.39	31.44	14.6	31.95	15.91
2.7	13.15	77.73	7.6	5.88	11.48	22.61	10.44
2.8	3.2	89.46	2.23	10.79	13.51	25	10.78
3.67	10.69	48.15	5.75	60.83	17.52	34.48	17.09
2.33	6.65	92.61	0.36	0.63	16.08	26.02	16.2
3.07	2.01	69.7	0.25	51.71	16.87	28.56	13.27
2.32	0.72	97.19	1.73	0.71	9.78	18.37	8.6
2.62	3.86	94.87	0.92	1.28	13.11	28.55	13.05
2.52	2	95.41	0.9	2.77	11.32	26.25	11.75
2.69	0.72	97.01	1.27	3.57	13.7	26.8	11.81
2.79	1.61	94.27	2.18	1.67	15.39	28.26	12.88
2.66	3.75	95.26	0.51	0.56	14.65	27.14	13.22
2.88	0.74	97.12	0.63	2.5	13.87	28.46	12.85
2.77	0.78	98.37	0.25	1.17	12.36	25.42	11.7
2.46	0.67	91.56	2.71	12.86	10.92	25.28	11.96
2.41	2.67	92.96	1.37	6.69	12.45	29.41	14.63
2.45	1.04	93.15	1.93	9.1	12.26	26.6	12.44
2.75	27.39	65.64	0.63	62.46	12.16	24.63	11.87
3.15	3.07	92.84	3.58	2.73	14.65	22.53	11.15
2.56	0.82	97.15	0.88	1.03	16.55	34.42	22.54
2.72	40.2	58.27	0.59	1.33	15.28	29.33	14.55
2.73	17.51	66.29	1.43	26.47	15.26	27.95	12.48
2.61	0.54	97.08	0.8	4.54	13.59	25.01	11.43
2.71	39.8	57.15	0.47	4.98	14.4	27.4	12.96
2.45	4.47	93.33	1.34	1.49	11.25	36.13	16.47
2.92	13.95	83.5	1.84	1.38	10.34	25.13	9.92
2.5	2.98	78.24	1.73	34.49	13.56	27.85	13.36
2.4	0.81	97.24	1.48	3.48	11.45	21.81	9.95
2.71	1.34	96.16	0.99	4.03	13.05	27.09	12.85
2.5	1.22	91.62	2.69	4.74	24.16	45.34	31.54
3.42	8.58	43.92	33.44	25.08	15.7	28.93	13.78
2.68	39.13	59.4	1.31	0.33	15.36	28.78	13.93
2.54	11.1	85.43	1.93	3.3	15.31	33.76	17.89
2.96	0.89	94.27	4.54	0.68	12.56	18.83	7.72
2.64	3.6	85.09	10.14	4.15	11.54	28.31	12.77
2.79	1.89	76.19	20.51	5.32	13.31	21.14	10.81
2	3.33	95.17	0.52	2.24	7.23	16.79	7.78
2.48	0.26	98.43	0.57	0.51	13.37	25.57	12.28
2.3	2.26	92.27	3.18	3.02	12.39	27.16	13.52
3.07	65.65	26.5	1.06	15.02	14.15	29.29	14.33
2.54	0.73	98.37	0.4	1.06	11.81	22.01	10.02
2.79	0.42	98.39	0.52	0.85	12.41	21.36	9.61
2.66	16.84	72.98	2.15	12.12	20.53	38.5	24.13
2.81	0.62	71.93	19.51	18.85	14.02	25.54	12.49
2.86	12.24	87.1	0.51	0.6	16.31	25.69	12.27
2.32	14.03	83.65	1.25	1.59	11.83	24.65	12.1
2.91	1.35	94.37	3.99	1.57	12.78	23.28	10.76
4.94	0.63	97.19	1.98	0.84	54.4	65.98	59.68
2.86	0.55	98.83	0.42	0.46	12.25	20.79	10.34
2.76	1.68	95.17	2.25	3.29	11.82	24.73	11.38
2.34	0.13	99.38	0.3	0.6	10.46	24.26	10.93
3.13	29.45	60.6	6.25	9.25	15.67	24.16	11.01
3.15	4.32	68.6	15.94	22.9	14.25	28.94	13.16
2.23	4.05	94.94	0.73	0.56	11.4	21.92	9.69
2.43	3.43	71.63	19.33	13.17	10.1	28.52	12.03
2.42	23.79	74.89	0.63	2.17	12.66	23.73	11.67
2.63	3.58	90.63	3.85	2.97	13.66	30.57	15.04
2.26	0.76	96.02	1.23	4.77	10.51	23.46	10.82
3	0.26	97.86	1.63	2.03	13.53	25.11	12.96
2.7	9.14	79.81	0.96	21.31	13.53	25.47	11.35
2.7	6.47	85.13	7.81	1.93	11.49	24.24	10.75
3.07	0.59	98.3	0.7	0.78	15.66	25.59	12.4
3.24	1.38	65.51	0.42	77.18	18.2	30.68	15.36
2.82	0.83	95.23	1.81	3.44	15.79	27.74	13.12
3.31	0.29	95.4	0.55	1.76	23.63	38.06	23.28
2.41	0.32	98.31	0.84	0.54	12.51	25.44	12.51
2.2	1.38	91.58	4.83	6	9.28	20.97	9.42
2.92	5.34	78.37	0.89	37.4	34.04	57.5	44.93
3.04	2.69	92.89	0.4	8.61	15.17	27.98	12.46
3.06	0.99	97.31	1.28	1.69	13.35	22.6	11.01
2.87	16.97	72.96	0.29	14.73	16.68	29.2	14.82
2.88	0.22	92.58	0.22	13.2	15.69	28.64	13.65
2.71	2.65	89.22	4.77	8.94	15.58	32.18	16.42
3.04	1.56	93.69	3.45	3.38	13.18	26.09	10.61
2.48	1.37	92.35	3.01	3.05	12.3	27.8	12.65
2.63	4.64	88.62	1.92	8.65	13.62	34.3	15.44
2.56	0.66	95.35	1.55	2.91	14.14	29.49	14.32
2.87	5.17	86.79	0.58	20.92	19.07	31.42	18.42
2.84	0.24	98.58	0.51	1.52	13.29	26.8	12.06
2.84	1.27	96.04	2.18	2.14	13.56	25.07	11.38
2.55	16.48	82.4	0.61	0.79	13.51	26.19	11.94
2.39	43.56	55.6	0.35	0.7	13.19	26.16	12.06
2.53	24.42	72.64	2.15	1.24	14.49	29.51	14.93
2.46	12.14	86.63	0.68	0.8	13.45	24.52	11.73
2.79	5.9	92.95	0.83	0.7	29.6	44.36	35.05
2.38	9.5	87.42	2.05	3.48	13.2	27.8	14.08
2.63	0.54	98.25	0.57	1.33	14.38	25.45	11.73
3.3	0.73	55.14	5.55	60.86	15.04	30.06	14.31
2.58	0.3	97.8	0.77	1.52	13.56	25.84	12.34
2.84	1.97	92.46	5.21	1.23	12.68	21.73	10.41
2.82	0.86	84.65	13.92	3.5	13.18	20.7	10.14
2.61	41.49	55.61	1.39	3.03	11.2	21.64	10.67
2.51	34.84	64.8	0.14	0.41	14.54	24.13	11.27
2.87	6.52	85.19	2.43	19.37	15.44	28.6	12.67
2.54	7.16	85.63	2.46	9.3	13.94	29	13.68
2.92	0.79	97.02	0.72	5	14.2	28.57	12.85
2.93	6.28	82.96	6.54	8.92	43.38	66.64	55.32
2.83	0.31	98.06	1.56	0.64	12.3	22.83	12.42
2.68	1.21	96.68	1.64	1.15	12.98	23.98	11.43
3.58	17.95	75.74	2.6	6.34	19.82	46.53	27.47
2.59	4.08	84.07	0.54	12.78	14.23	24.38	11.44
2.69	0.39	98.11	1.03	0.7	12.65	30.06	12.22
2.57	0.34	99.27	0.31	0.53	13.39	24.77	13.52
2.67	39.3	56.88	0.33	6.73	15.43	29.15	14.79
2.68	0.58	98.4	0.64	0.64	15.22	26.93	14.36
2.67	0.97	96.59	1.52	2.32	11.41	28.83	13.08
3.07	1.71	77.95	5.03	22.65	14.34	28.25	12.21
2.88	4.8	76.14	0.93	50.38	15.48	28.43	13.25
2.84	0.37	96.65	2.85	0.86	12.72	18.85	9.52
2.58	2.07	95.9	1.39	1.73	10.99	21.68	10.18
2.69	1.28	92.1	3.31	9.23	12.48	24	11.09
2.55	0.6	97.87	1.04	0.83	11.78	26.23	12.27
2.19	4.93	93.96	0.5	1.31	10.03	23.97	11.46
2.39	0.29	98.87	0.62	0.61	10.72	22.81	11
2.69	0.58	97.4	1.07	0.76	14.3	30.82	14.81
2.66	21.44	73.36	3.94	4.4	25	42.46	29.33
2.52	6.17	90.7	1.83	8.14	12.47	24.85	11.7
4.17	2.43	55.56	12.27	70.75	18.77	34.53	17.32
2.49	13.95	83.95	0.79	2.04	13.24	28.17	13.42
3	7.39	70.79	5.22	25.97	16.44	31.46	16.09
2.7	1.85	96.23	0.86	3.1	12.72	27.14	12.15
3.12	22.82	68.79	4.35	8.05	16	29.09	13.14
2.66	1.72	95.26	1.92	3.64	16.11	30.53	18.93
2.67	0.34	97.34	1.47	1.48	13.47	25.91	11.68
2.72	13.77	78.22	0.32	16.93	14.96	26.85	12.84
2.51	18.08	80.73	0.61	0.94	13.65	27.64	13.77
2.97	0.34	98.58	0.15	1.9	15.91	28.09	13.47
2.64	4	76.72	1.95	73.26	12.96	28.23	13.58
2.55	38.28	57.57	1.52	3.15	15.71	31.36	16.45
2.61	0.83	93.71	3.41	8.63	11.11	23.94	11.61
2.66	1.72	96.8	1.05	1.79	12.81	21.97	10.57
2.61	1.07	96.7	0.82	2.84	13.42	27.01	12.17
2.56	0.44	89.58	1.39	10.89	14.1	27.35	13.21
2.53	0.73	96.82	0.68	0.57	13.7	29.2	13.92
2.42	6.19	93.34	0.2	0.36	12.98	23.63	11.74
2.92	27.41	70.67	1.25	1.26	14.33	27.6	12.44
2.52	30.19	68.13	0.94	0.79	14.34	27.36	13.76
2.63	6.04	82.74	1.88	25	14.12	28.87	12.99
2.52	2.6	95.22	1.61	1.97	9.3	25.68	10.93
4.29	15.84	78.84	2.37	5.02	36.56	54.63	40.48
2.54	0.29	98.87	0.63	0.55	12.92	26.84	12.38
2.72	0.11	97.85	1.82	0.45	11.43	20.29	10.89
2.26	14.25	84.1	1.28	0.62	11.96	22.74	10.7
3.04	0.73	94.36	4.66	1.64	16.57	24.53	14.69
2.7	2.7	95.64	0.43	1.26	14.37	25.34	11.9
2.81	4.57	94.09	0.81	0.77	20.34	33.24	19.99
2.61	0.25	98.73	0.68	1.25	12.71	21.28	10.19
2.71	1.01	98.26	0.38	0.55	13.49	29.51	13.42
2.54	50.34	49.31	0.23	0.5	14.5	23.98	11.82
2.95	0.3	98.68	0.9	0.71	12.56	24.35	11.83
3.12	1.11	69.63	22.55	19.07	14.94	30.67	15.31
2.62	10.64	76.62	0.66	15.39	14.55	24.79	12.67
2.43	0.92	93.53	4.03	1.96	11.6	22.48	10.84
2.46	15.45	83.41	0.68	0.99	14.02	24	13.29
2.69	47.04	52.28	0.45	0.57	14.62	27.08	12.93
3.82	9.75	67.31	3.44	36.17	17.94	34.82	17.5
3.1	8.27	87.94	0.67	5.55	14.24	29.81	14.54
2.68	47.33	51.21	0.8	1.31	13.98	28.08	13.58
2.71	0.2	98.92	0.59	2.02	13.33	25.15	12.38
1.81	14.17	84.01	0.47	8.76	5.6	12.81	6.1
2.55	3.44	95.17	1.08	0.57	13.41	27.43	12.59
2.67	42.34	56.53	0.73	0.8	15.6	28.57	14.27
2.88	2.98	90.88	5.33	3.26	14.62	25.52	11.9
2.28	3	90.24	3.09	9.78	10.77	27.8	13.81
3.2	0.97	47.05	15.11	67.6	15.23	30.73	15.46
2.87	0.24	98.4	0.99	0.83	13.15	23.28	10.64
2.9	25.66	73.09	0.55	0.81	27.36	41.51	31.31
2.6	1.06	94.78	3.74	1.37	11.73	24.26	11.14
2.96	0.72	97.03	0.84	1.02	19.03	28.13	17.79
2.75	1.29	96.46	1.95	1.38	12.61	21.03	10.11
3.17	0.07	94.75	0.91	5.01	16.53	26.22	11.04
2.53	7.17	91.55	0.47	1.44	15.82	29.16	15.93
2.78	0.76	81.36	2.15	36.56	14.32	27.77	14.11
3.26	3.01	54.55	8.08	50.64	15.71	31.46	15.23
2.93	12.24	84.18	1.59	6.91	12.48	28.89	10.67
2.52	1.57	75.06	20.02	11.5	10.31	26.17	11.67
2.08	10.71	78.21	9.88	3.88	8.57	34.4	11.68
2.66	40.35	52.26	0.43	10.51	15.95	28.5	13.87
2.92	21.15	50.46	22.95	10.78	14.35	27.49	13.44
2.76	11.97	74.43	0.29	31.59	14.73	25.5	11.69
2.96	7.41	79.38	3.72	15.23	13.9	29.54	12.94
2.87	2.86	84.88	1.14	35.93	14.96	27.4	12.67
2.45	0.22	96.44	1.29	2.82	12.39	22.84	10.74
3.49	0.21	75.81	0.11	87.59	18.77	30.62	14.78
2.81	1.28	97.13	1.21	0.81	13.3	26.38	13.29
2.81	0.08	99.52	0.25	0.7	13.2	20.6	10.18
2.38	9.53	89.56	0.57	0.58	12.86	26.03	12.69
2.57	28.17	66.12	0.51	8.91	15.38	28.48	14.9
2.38	1.75	82.59	6.77	22.61	11.49	26.98	12.39
2.49	3.21	95.98	0.39	0.66	12.9	25.77	12.14
2.6	34.09	62.72	1.44	4.37	13	26.7	12.69
1.88	5.18	88.3	1.21	46.79	7.92	20.08	9.08
2.75	5.33	78.85	7.03	17.54	14.53	27.59	13.42
2.43	2.13	97.31	0.24	0.8	12	23.99	11.3
2.62	44.76	54.32	0.51	1.09	14.85	26.52	12.86
2.93	2.67	93.79	2.49	2.6	17.57	30.08	14.73
2.65	2.09	92.15	4.9	1.18	23.71	41.21	29.24
2.45	4.5	83.46	2.7	41.44	10.93	29.24	12.45
2.57	1.62	95.15	1.93	3.02	12.12	28.51	12.71
2.45	33.95	63.88	1.43	0.96	16.19	31.46	17.63
2.52	4.7	94.74	0.35	0.41	13.16	24.8	11.99
2.43	0.93	98.35	0.34	0.78	12.77	26.66	13.38
3.1	4.27	87.43	7.7	1.76	42.76	66.39	55.44
2.5	22.38	76.08	0.94	1.05	13.13	28.49	13.12
2.38	0.42	99.19	0.24	0.52	12.74	23.42	11.66
2.63	0.23	98.24	0.58	1.59	13.86	26.96	12.55
2.83	4.6	67.74	8.93	37.27	14.16	29.21	14.27
2.66	2.42	94.66	0.95	5.28	13.78	27.85	13.22
2.86	0.72	97.22	1.69	1.56	13.48	24.16	11.38
2.86	9.59	73.08	3.67	23	13.21	27.91	12.4
2.72	0.58	97.78	1.13	1.42	20.54	33.98	21.61
2.44	59.39	35.42	0.73	9.13	12.54	26.78	12.35
2.72	1.41	96.53	0.6	1.25	13.66	26.13	13.4
2.6	0.93	97.24	1.51	0.85	11.2	19.39	9.54
2.98	65.48	34.27	0.12	0.39	18.65	28.08	14.11
2.54	2.01	95.12	2.38	1.78	10.33	25.56	10.99
3.01	6.19	74.98	0.19	32.85	19.56	30.5	16.44
2.65	4.7	93.59	0.73	1.11	18.7	33.21	19.96
2.53	46.56	49.49	1.01	4.59	13.56	27.3	13.11
2.57	2.18	82.95	0.63	39.51	14.19	25.22	12.35
2.74	1.04	97.01	0.99	1.58	12.86	29.5	11.47
2.56	2.57	73.69	18.6	15.23	12.82	31.54	15.24
2.68	0.38	95.16	3.65	0.61	21.3	36.28	24.12
4.1	2.62	67.99	9.73	65.15	17.89	38.27	20.24
2.46	0.24	97.89	0.46	3.66	10.16	18.45	8.51
2.87	0.23	98.52	0.21	0.43	19.92	32.94	19.17
2.96	3.18	94.41	2.22	0.9	12.35	19.86	9.61
2.97	1.53	90.72	2.8	14.54	13.47	27.55	11.56
2.6	4.99	86.37	0.38	1.44	14.21	24.63	11.96
2.36	0.3	98.23	0.63	1.45	10.49	25.52	10.88
2.51	2.75	93.77	1.57	8.43	12.58	27.02	12.66
2.6	4.35	94.87	0.21	0.62	13.37	24.28	11.54
2.45	7.39	89.3	1.94	8.64	10.24	22.49	9.5
2.76	3.01	84.98	2.13	15.47	15.88	29.88	14.54
2.4	17.06	81.38	1.01	0.78	14.89	29.21	15.57
2.65	21.46	77.22	0.92	0.97	15.74	28.4	14.14
2.81	10.46	67.07	3.44	31.32	15.3	30.61	14.79
2.86	6.89	90.73	1.74	1.54	14.65	28.4	12.74
2.7	4.89	83.12	6.81	10.25	12.05	27.8	11.04
3.06	6.15	65.56	2.5	33.84	16.11	28.5	13.18
2.9	13.91	80.5	4.33	3.09	14.92	32.58	15.46
2.62	24.95	72.68	1.44	1.8	14.34	29.32	13.5
2.89	2.21	94.71	1.76	6.19	14.4	26.29	12.12
2.66	5.19	81.69	1.66	20.04	14.03	28.64	13.46
2.44	27.77	71.36	0.16	0.6	14.41	27.52	13.97
2.73	0.37	98.93	0.4	0.94	13.34	25.53	12.05
2.91	0.47	97.44	1.74	1.6	13.43	24.63	11.81
2.27	52.58	45.08	1.74	0.79	12.4	27.57	13.32
2.94	0.69	79.46	19.01	4.09	13.87	19.72	10.74
4.03	1.06	31.19	1.85	91.85	18.87	36.97	19.55
2.67	19.12	80.38	0.27	0.46	13.87	26.24	12.56
2.59	1.58	90.57	7	5.08	10.56	23.23	10.78
2.6	34.08	65.15	0.43	0.39	18.51	30.08	17.89
2.53	0.63	98.18	0.67	0.99	12.03	27.37	12.69
2.56	5.22	93.2	0.97	2.89	11.89	21.05	9.52
2.54	2.4	82.55	1.28	16.26	13.62	26.63	13.18
2.51	10.98	88.31	0.43	0.45	13.04	25.96	12.62
2.32	3.45	94.08	2.13	2.06	8.55	18.94	8.53
2.42	2.14	95.84	1.06	1.67	12.99	28.38	13.61
2.83	3.23	89.79	6.14	1.99	12.71	22.49	11.04
2.64	2.01	95.29	0.46	4.74	12.83	27.96	12.91
3.84	0.13	96.39	1.54	3.02	19.58	32.66	15.41
2.63	1.1	95.8	2.21	2.55	21.66	33.99	22.18
2.59	0.2	95.12	0.49	3.3	13.26	25.03	10.63
2.43	1.2	95.64	1.43	1.44	11.32	24.79	11.48
2.85	1.84	79.72	1.52	26.25	11.46	25.06	10.42
2.98	1.6	97.01	0.66	1.53	11.89	25.03	11.91
2.9	0.4	98.03	0.36	2.02	15.75	24.95	12.62
2.28	38.74	59.91	0.89	1.07	11.49	25.7	12
2.8	3.03	95.43	0.94	1.42	12.9	26.91	13.15
2.83	12.96	72.35	3.28	5.37	15.45	35.12	18.14
2.39	0.13	99.05	0.48	0.52	12.41	23.46	11.25
2.49	3.88	93.5	1.68	2.38	11.42	26.35	12.06
2.49	32.16	64.24	0.81	7.72	13.59	28.56	14.01
2.44	1.37	96.44	1.59	1.58	11.08	24.25	11.57
2.43	0.41	98.44	0.87	0.8	9.93	20.16	9.1
2.49	4.41	91.02	1.26	2.12	12.63	25.64	11.86
2.88	1.53	87.27	4.16	13.35	13.95	27.8	12.98
2.72	19.33	70.78	3.25	6.34	15.45	30.86	15.16
2.68	4.18	93.84	1.82	0.64	11.16	23.49	10.87
2.64	0.86	98.21	0.64	0.62	12.43	28.51	12.33
2.42	1.06	97.4	1.13	1.01	13.15	32.63	17.37
2.59	0.73	97.96	0.54	1.81	16.73	32.15	19.37
2.79	0.27	98.57	0.73	0.61	14.62	25.61	11.73
2.48	0.7	98.09	1.06	0.4	11.67	22.6	10.81
3	2.86	93.83	2.49	3.63	13.24	23.48	11.79
2.61	0.97	97.18	1.51	0.78	12.11	25.66	11.4
2.71	33.8	62.95	1.25	4.17	11.82	23.2	10.65
2.51	5.9	93.09	0.65	0.64	16.51	29.86	17.48
2.66	7.63	90.4	0.98	1.53	14.26	31.24	14.96
2.75	5.84	92.34	1.65	0.54	11.56	20.64	9.68
2.46	2.69	95.74	0.61	0.85	12.85	24.38	12.03
2.75	4.68	86.78	6.61	4.35	13.61	23.92	10.61
2.58	1	87.99	1.75	11.71	13.45	24.65	11.3
2.44	30.66	66.92	1.92	1.14	12.21	21.46	9.71
2.63	1	97.27	1.11	1.22	12.63	27.35	12.33
2.77	12.19	76.65	1.68	11.83	15.45	31.27	15.66
3.69	0.39	70	0.36	91.97	19.28	30.6	14.86
2.8	0.82	97.7	1.11	1.02	12.12	25.77	12.84
2.18	10.06	75.32	11.78	3.55	10.82	27.39	13.6
2.53	2.08	96.05	0.77	2.72	11.9	27.32	12.68
2.75	0.49	92.36	6.91	1.68	11.58	18.3	9.04
2.64	2.3	92.57	1.48	3.26	14.77	26.86	13.05
3.09	0.84	98.28	0.31	0.93	15.3	27.76	13.7
3.1	0.4	98.35	0.95	0.94	14.53	25.3	10.9
2.84	0.97	83.73	1.57	28.83	15.27	29.87	14.47
3.75	6.93	84.59	6.99	2.5	46.84	67.8	58.12
2.92	1.41	96.01	1.76	3.61	13.32	27.3	11.77
2.41	0.49	98.82	0.57	0.23	12.73	22.32	10.38
3.09	2.07	94.85	1	4.24	13.52	24.32	9.46
2.45	2.47	94.85	0.77	4.42	10.15	26.06	12.03
2.49	1.04	97.06	0.77	2.45	12.62	25.45	12.11
2.76	0.93	93.01	0.49	53.05	17.89	28.35	15.03
2.51	6.38	91.63	1.36	0.9	10.63	24.68	10.21
2.62	0.57	92.78	5.82	3.24	12.03	20.23	9.58
2.53	58.98	40.54	0.34	0.49	14.96	25.79	11.87
2.52	26.61	69.13	3.82	1.07	22.18	42.14	28.41
2.83	0.2	97.64	1.17	2.49	13.33	25.81	11.3
3.18	0.44	98.4	0.97	0.46	14.27	26.71	13.6
2.48	0.08	98.5	1.06	0.85	13.1	28.01	13.1
2.96	3.77	81.7	8.56	17.32	14.8	26.1	13.03
3.01	1.54	96.68	1.29	0.77	34.92	50.03	40.69
2.64	2.57	95.21	0.46	2.09	14.71	27.14	12.74
3.02	31.59	66.91	1.07	0.85	36.31	50.47	40.59
2.68	49.25	50.28	0.19	0.31	15.15	26.11	12.58
2.63	0.38	92.74	1.23	11.09	13.28	25.97	11.43
2.83	1.66	93.95	3.65	3.28	12.29	25.06	11.66
2.48	10.64	88.59	0.5	0.41	14.73	25.59	12.05
2.55	40.25	59.13	0.44	0.53	16.01	28.66	15.45
2.19	0.96	91.35	1.81	13.75	9.99	20.61	10
2.4	6.5	91.93	1.13	1.17	9.98	27.58	11.45
2.55	6.88	84.07	7.39	3.98	10.18	22.31	9.41
3.17	12.78	39.81	43.31	10.45	13.76	24.66	10.4
3.04	0.51	96.35	2.93	1.62	13.09	21.16	10.79
2.69	0.68	98.21	0.52	2.27	11.55	23.33	10.16
2.91	26.16	66.61	5.62	6.27	13.73	23.88	12.8
3.53	0.47	74.25	0.44	85.89	20.1	34.33	18.31
2.92	0.49	88.58	2.2	11.2	14.67	27.32	12.4
3.02	5.55	73.53	6.8	29.84	14.78	32.22	15.93
2.64	35.49	62.85	1.34	0.77	23.36	38.8	26.5
2.5	7.81	88.63	2.68	1.66	9.83	30.35	10.27
2.77	1.14	94.86	0.7	8.56	13.29	25.34	13.25
3.03	1.03	97.2	0.91	2.13	13.47	25.27	11.47
2.49	1.03	97.17	1.33	1.7	13.45	27.7	13.93
2.71	9.34	86.88	2.46	3.04	14.33	26.72	12.34
2.97	1.08	82.3	1.41	34.61	15.13	27.38	12.31
2.96	8.32	60.62	12.11	34.24	13.99	33.75	15.53
2.67	0.75	94.72	2.74	2.06	13.62	25.83	11.67
2.6	2.73	92.39	0.63	6.42	14.37	25.24	12.75
2.42	4.26	89.42	0.54	3.44	12.9	22.3	10.07
2.54	12.43	84.12	2.03	3.57	11.86	27.72	13.18
2.56	0.11	95.49	0.27	0.66	13.81	24.03	10.78
2.57	0.18	98.48	0.84	1.66	10.42	24.9	11.1
3.07	6.87	61.68	15.23	29.86	15.46	30.16	14.34
2.68	21.18	76.65	1.52	1.29	17.36	31.23	16.97
2.46	0.52	92.62	0.98	11	11.81	20.96	9.53
2.89	3.37	69.91	0.9	62.11	17.16	30.01	14.73
2.61	2.39	71.27	9.09	24.43	12.99	25.21	11.63
